[2026-01-08 10:24:52,911 I 233901 233901] (raylet) main.cc:272: Setting cluster ID to: bf61270e27b61a1481447b4a1588476946f86861d9351582c24d7128
[2026-01-08 10:24:52,922 I 233901 233901] (raylet) main.cc:512: Per-worker process group cleanup is DISABLED, subreaper is DISABLED
[2026-01-08 10:24:52,922 I 233901 233901] (raylet) main.cc:646: Setting node ID node_id=45fc29cae7a687bb7d03accece0dedb168e198c9240dab334f96c543
[2026-01-08 10:24:52,922 I 233901 233901] (raylet) store_runner.cc:50: Allowing the Plasma store to use up to 10.2005GB of memory.
[2026-01-08 10:24:52,922 I 233901 233901] (raylet) store_runner.cc:66: Starting object store with directory /dev/shm, fallback /app/ray_tmp/ray/session_2026-01-08_10-24-49_500606_233590, and huge page support disabled
[2026-01-08 10:24:52,922 W 233901 233901] (raylet) store_runner.cc:83: System memory request exceeds memory available in /dev/shm. The request is for 10200481177 bytes, and the amount available is 9663613747 bytes. You may be able to free up space by deleting files in /dev/shm. If you are inside a Docker container, you may need to pass an argument with the flag '--shm-size' to 'docker run'.
[2026-01-08 10:24:52,923 I 233901 233924] (raylet) dlmalloc.cc:324: Setting dlmalloc config: plasma_directory=/dev/shm, fallback_directory=/app/ray_tmp/ray/session_2026-01-08_10-24-49_500606_233590, hugepage_enabled=0, fallback_enabled=1
[2026-01-08 10:24:52,923 I 233901 233924] (raylet) dlmalloc.cc:153: create_and_mmap_buffer(9663676424, /dev/shm/plasmaXXXXXX)
[2026-01-08 10:24:52,923 E 233901 233924] (raylet) file_system_monitor.cc:116: /app/ray_tmp/ray/session_2026-01-08_10-24-49_500606_233590 is over 95% full, available space: 6.28805 GB; capacity: 3517.78 GB. Object creation will fail if spilling is required.
[2026-01-08 10:24:52,924 I 233901 233924] (raylet) store.cc:572: Plasma store debug dump: 
Current usage: 0 / 9.66361 GB
- num bytes created total: 0
0 pending objects of total size 0MB
- objects spillable: 0
- bytes spillable: 0
- objects unsealed: 0
- bytes unsealed: 0
- objects in use: 0
- bytes in use: 0
- objects evictable: 0
- bytes evictable: 0

- objects created by worker: 0
- bytes created by worker: 0
- objects restored: 0
- bytes restored: 0
- objects received: 0
- bytes received: 0
- objects errored: 0
- bytes errored: 0

[2026-01-08 10:24:52,928 I 233901 233901] (raylet) grpc_server.cc:143: ObjectManager server started, listening on port 43375.
[2026-01-08 10:24:52,957 I 233901 233901] (raylet) memory_monitor.cc:47: MemoryMonitor initialized with usage threshold at 513422786560 bytes (0.95 system memory), total system memory bytes: 540445048832
[2026-01-08 10:24:52,957 I 233901 233901] (raylet) node_manager.cc:243: Initializing NodeManager node_id=45fc29cae7a687bb7d03accece0dedb168e198c9240dab334f96c543
[2026-01-08 10:24:52,958 I 233901 233901] (raylet) grpc_server.cc:143: NodeManager server started, listening on port 40221.
[2026-01-08 10:24:52,985 I 233901 233970] (raylet) agent_manager.cc:81: Monitor agent process with name dashboard_agent
[2026-01-08 10:24:52,985 I 233901 233901] (raylet) metrics_agent_client.cc:45: Initializing exporter ...
[2026-01-08 10:24:52,985 I 233901 233972] (raylet) agent_manager.cc:81: Monitor agent process with name runtime_env_agent
[2026-01-08 10:24:52,986 I 233901 233901] (raylet) event.cc:499: Ray Event initialized for RAYLET
[2026-01-08 10:24:52,986 I 233901 233901] (raylet) event.cc:332: Set ray event level to warning
[2026-01-08 10:24:52,987 I 233901 233901] (raylet) node_manager.cc:294: Raylet of id, 45fc29cae7a687bb7d03accece0dedb168e198c9240dab334f96c543 started. Raylet consists of node_manager and object_manager. node_manager address: 192.168.88.6:0 object_manager address: 192.168.88.6:43375 hostname: af056e39ae7e
[2026-01-08 10:24:52,989 I 233901 233901] (raylet) node_manager.cc:432: [state-dump] NodeManager:
[state-dump] Node ID: 45fc29cae7a687bb7d03accece0dedb168e198c9240dab334f96c543
[state-dump] Node name: 192.168.88.6
[state-dump] InitialConfigResources: {node:__internal_head__: 1, CPU: 112, memory: 5.25876e+11, object_store_memory: 1.02005e+10, node:192.168.88.6: 1}
[state-dump] ClusterLeaseManager:
[state-dump] ========== Node: 45fc29cae7a687bb7d03accece0dedb168e198c9240dab334f96c543 =================
[state-dump] Infeasible queue length: 0
[state-dump] Schedule queue length: 0
[state-dump] Grant queue length: 0
[state-dump] num_waiting_for_resource: 0
[state-dump] num_waiting_for_plasma_memory: 0
[state-dump] num_waiting_for_remote_node_resources: 0
[state-dump] num_worker_not_started_by_job_config_not_exist: 0
[state-dump] num_worker_not_started_by_registration_timeout: 0
[state-dump] num_tasks_waiting_for_workers: 0
[state-dump] num_cancelled_leases: 0
[state-dump] cluster_resource_scheduler state: 
[state-dump] Local id: -4622768318049823710 Local resources: {"total":{memory: [5258759337980000], object_store_memory: [102004811770000], node:192.168.88.6: [10000], node:__internal_head__: [10000], CPU: [1120000]}}, "available": {memory: [5258759337980000], object_store_memory: [102004811770000], node:192.168.88.6: [10000], node:__internal_head__: [10000], CPU: [1120000]}}, "labels":{"ray.io/node-id":"45fc29cae7a687bb7d03accece0dedb168e198c9240dab334f96c543",} is_draining: 0 is_idle: 1 Cluster resources (at most 20 nodes are shown): node id: -4622768318049823710{"total":{node:__internal_head__: 10000, object_store_memory: 102004811770000, node:192.168.88.6: 10000, memory: 5258759337980000, CPU: 1120000}}, "available": {CPU: 1120000, object_store_memory: 102004811770000, node:__internal_head__: 10000, memory: 5258759337980000, node:192.168.88.6: 10000}}, "labels":{"ray.io/node-id":"45fc29cae7a687bb7d03accece0dedb168e198c9240dab334f96c543",}, "is_draining": 0, "draining_deadline_timestamp_ms": -1} { "placement group locations": [], "node to bundles": []}
[state-dump] Waiting leases size: 0
[state-dump] Number of granted lease arguments: 0
[state-dump] Number of pinned lease arguments: 0
[state-dump] Number of total spilled leases: 0
[state-dump] Number of spilled waiting leases: 0
[state-dump] Number of spilled unschedulable leases: 0
[state-dump] Resource usage {
[state-dump] }
[state-dump] Backlog Size per scheduling descriptor :{workerId: num backlogs}:
[state-dump] 
[state-dump] Granted leases by scheduling class:
[state-dump] ==================================================
[state-dump] 
[state-dump] ClusterResources:
[state-dump] LocalObjectManager:
[state-dump] - num pinned objects: 0
[state-dump] - pinned objects size: 0
[state-dump] - num objects pending restore: 0
[state-dump] - num objects pending spill: 0
[state-dump] - num bytes pending spill: 0
[state-dump] - num bytes currently spilled: 0
[state-dump] - cumulative spill requests: 0
[state-dump] - cumulative restore requests: 0
[state-dump] - spilled objects pending delete: 0
[state-dump] 
[state-dump] ObjectManager:
[state-dump] - num local objects: 0
[state-dump] - num unfulfilled push requests: 0
[state-dump] - num object pull requests: 0
[state-dump] - num chunks received total: 0
[state-dump] - num chunks received failed (all): 0
[state-dump] - num chunks received failed / cancelled: 0
[state-dump] - num chunks received failed / plasma error: 0
[state-dump] Event stats:
[state-dump] Global stats: 0 total (0 active)
[state-dump] Queueing time: mean = -nanms, max = -0.00ms, min = 9223372036854.78ms, total = 0.00ms
[state-dump] Execution time:  mean = -nanms, total = 0.00ms
[state-dump] Event stats:
[state-dump] PushManager:
[state-dump] - num pushes remaining: 0
[state-dump] - num chunks in flight: 0
[state-dump] - num chunks remaining: 0
[state-dump] - max chunks allowed: 409
[state-dump] OwnershipBasedObjectDirectory:
[state-dump] - num listeners: 0
[state-dump] - cumulative location updates: 0
[state-dump] - num location updates per second: 0.000
[state-dump] - num location lookups per second: 0.000
[state-dump] - num locations added per second: 0.000
[state-dump] - num locations removed per second: 0.000
[state-dump] BufferPool:
[state-dump] - create buffer state map size: 0
[state-dump] PullManager:
[state-dump] - num bytes available for pulled objects: 10200481177
[state-dump] - num bytes being pulled (all): 0
[state-dump] - num bytes being pulled / pinned: 0
[state-dump] - get request bundles: BundlePullRequestQueue{0 total, 0 active, 0 inactive, 0 unpullable}
[state-dump] - wait request bundles: BundlePullRequestQueue{0 total, 0 active, 0 inactive, 0 unpullable}
[state-dump] - task request bundles: BundlePullRequestQueue{0 total, 0 active, 0 inactive, 0 unpullable}
[state-dump] - first get request bundle: N/A
[state-dump] - first wait request bundle: N/A
[state-dump] - first task request bundle: N/A
[state-dump] - num objects queued: 0
[state-dump] - num objects actively pulled (all): 0
[state-dump] - num objects actively pulled / pinned: 0
[state-dump] - num bundles being pulled: 0
[state-dump] - num pull retries: 0
[state-dump] - max timeout seconds: 0
[state-dump] - max timeout request is already processed. No entry.
[state-dump] 
[state-dump] WorkerPool:
[state-dump] - registered jobs: 0
[state-dump] - process_failed_job_config_missing: 0
[state-dump] - process_failed_rate_limited: 0
[state-dump] - process_failed_pending_registration: 0
[state-dump] - process_failed_runtime_env_setup_failed: 0
[state-dump] - num PYTHON workers: 0
[state-dump] - num PYTHON drivers: 0
[state-dump] - num PYTHON pending start requests: 0
[state-dump] - num PYTHON pending registration requests: 0
[state-dump] - num object spill callbacks queued: 0
[state-dump] - num object restore queued: 0
[state-dump] - num util functions queued: 0
[state-dump] - num JAVA workers: 0
[state-dump] - num JAVA drivers: 0
[state-dump] - num JAVA pending start requests: 0
[state-dump] - num JAVA pending registration requests: 0
[state-dump] - num object spill callbacks queued: 0
[state-dump] - num object restore queued: 0
[state-dump] - num util functions queued: 0
[state-dump] - num idle workers: 0
[state-dump] LeaseDependencyManager:
[state-dump] - lease deps map size: 0
[state-dump] - get req map size: 0
[state-dump] - wait req map size: 0
[state-dump] - local objects map size: 0
[state-dump] WaitManager:
[state-dump] - num active wait requests: 0
[state-dump] Subscriber:
[state-dump] Channel WORKER_REF_REMOVED_CHANNEL
[state-dump] - cumulative subscribe requests: 0
[state-dump] - cumulative unsubscribe requests: 0
[state-dump] - active subscribed publishers: 0
[state-dump] - cumulative published messages: 0
[state-dump] - cumulative processed messages: 0
[state-dump] Channel WORKER_OBJECT_EVICTION
[state-dump] - cumulative subscribe requests: 0
[state-dump] - cumulative unsubscribe requests: 0
[state-dump] - active subscribed publishers: 0
[state-dump] - cumulative published messages: 0
[state-dump] - cumulative processed messages: 0
[state-dump] Channel WORKER_OBJECT_LOCATIONS_CHANNEL
[state-dump] - cumulative subscribe requests: 0
[state-dump] - cumulative unsubscribe requests: 0
[state-dump] - active subscribed publishers: 0
[state-dump] - cumulative published messages: 0
[state-dump] - cumulative processed messages: 0
[state-dump] num async plasma notifications: 0
[state-dump] Event stats:
[state-dump] Global stats: 34 total (15 active)
[state-dump] Queueing time: mean = 4.00ms, max = 30.52ms, min = 0.01ms, total = 136.00ms
[state-dump] Execution time:  mean = 2.15ms, total = 73.03ms
[state-dump] Event stats:
[state-dump] 	PeriodicalRunner.RunFnPeriodically - 12 total (2 active, 1 running), Execution time: mean = 0.17ms, total = 2.10ms, Queueing time: mean = 10.67ms, max = 30.52ms, min = 0.06ms, total = 128.08ms
[state-dump] 	event_loop_lag_probe - 2 total (0 active), Execution time: mean = 0.02ms, total = 0.04ms, Queueing time: mean = 3.92ms, max = 7.83ms, min = 0.01ms, total = 7.84ms
[state-dump] 	NodeManager.deadline_timer.debug_state_dump - 1 total (1 active), Execution time: mean = 0.00ms, total = 0.00ms, Queueing time: mean = 0.00ms, max = -0.00ms, min = 9223372036854.78ms, total = 0.00ms
[state-dump] 	ClusterResourceManager.ResetRemoteNodeView - 1 total (1 active), Execution time: mean = 0.00ms, total = 0.00ms, Queueing time: mean = 0.00ms, max = -0.00ms, min = 9223372036854.78ms, total = 0.00ms
[state-dump] 	NodeManager.GCTaskFailureReason - 1 total (1 active), Execution time: mean = 0.00ms, total = 0.00ms, Queueing time: mean = 0.00ms, max = -0.00ms, min = 9223372036854.78ms, total = 0.00ms
[state-dump] 	NodeManager.deadline_timer.flush_free_objects - 1 total (1 active), Execution time: mean = 0.00ms, total = 0.00ms, Queueing time: mean = 0.00ms, max = -0.00ms, min = 9223372036854.78ms, total = 0.00ms
[state-dump] 	NodeManager.CheckForUnexpectedWorkerDisconnects - 1 total (1 active), Execution time: mean = 0.00ms, total = 0.00ms, Queueing time: mean = 0.00ms, max = -0.00ms, min = 9223372036854.78ms, total = 0.00ms
[state-dump] 	ray::rpc::InternalKVGcsService.grpc_client.GetInternalConfig - 1 total (0 active), Execution time: mean = 1.46ms, total = 1.46ms, Queueing time: mean = 0.00ms, max = -0.00ms, min = 9223372036854.78ms, total = 0.00ms
[state-dump] 	ReporterService.grpc_client.HealthCheck.OnReplyReceived - 1 total (0 active), Execution time: mean = 0.06ms, total = 0.06ms, Queueing time: mean = 0.05ms, max = 0.05ms, min = 0.05ms, total = 0.05ms
[state-dump] 	ReporterService.grpc_client.HealthCheck - 1 total (0 active), Execution time: mean = 1.84ms, total = 1.84ms, Queueing time: mean = 0.00ms, max = -0.00ms, min = 9223372036854.78ms, total = 0.00ms
[state-dump] 	NodeManager.ScheduleAndGrantLeases - 1 total (1 active), Execution time: mean = 0.00ms, total = 0.00ms, Queueing time: mean = 0.00ms, max = -0.00ms, min = 9223372036854.78ms, total = 0.00ms
[state-dump] 	ray::rpc::NodeInfoGcsService.grpc_client.RegisterNode - 1 total (0 active), Execution time: mean = 1.31ms, total = 1.31ms, Queueing time: mean = 0.00ms, max = -0.00ms, min = 9223372036854.78ms, total = 0.00ms
[state-dump] 	ray::rpc::InternalPubSubGcsService.grpc_client.GcsSubscriberCommandBatch.OnReplyReceived - 1 total (1 active), Execution time: mean = 0.00ms, total = 0.00ms, Queueing time: mean = 0.00ms, max = -0.00ms, min = 9223372036854.78ms, total = 0.00ms
[state-dump] 	MetricsAgentClient.WaitForServerReadyWithRetry - 1 total (1 active), Execution time: mean = 0.00ms, total = 0.00ms, Queueing time: mean = 0.00ms, max = -0.00ms, min = 9223372036854.78ms, total = 0.00ms
[state-dump] 	ray::rpc::InternalKVGcsService.grpc_client.GetInternalConfig.OnReplyReceived - 1 total (0 active), Execution time: mean = 64.98ms, total = 64.98ms, Queueing time: mean = 0.02ms, max = 0.02ms, min = 0.02ms, total = 0.02ms
[state-dump] 	ray::rpc::InternalPubSubGcsService.grpc_client.GcsSubscriberPoll - 1 total (1 active), Execution time: mean = 0.00ms, total = 0.00ms, Queueing time: mean = 0.00ms, max = -0.00ms, min = 9223372036854.78ms, total = 0.00ms
[state-dump] 	ray::rpc::NodeInfoGcsService.grpc_client.RegisterNode.OnReplyReceived - 1 total (0 active), Execution time: mean = 0.28ms, total = 0.28ms, Queueing time: mean = 0.01ms, max = 0.01ms, min = 0.01ms, total = 0.01ms
[state-dump] 	RayletWorkerPool.deadline_timer.kill_idle_workers - 1 total (1 active), Execution time: mean = 0.00ms, total = 0.00ms, Queueing time: mean = 0.00ms, max = -0.00ms, min = 9223372036854.78ms, total = 0.00ms
[state-dump] 	NodeManager.deadline_timer.spill_objects_when_over_threshold - 1 total (1 active), Execution time: mean = 0.00ms, total = 0.00ms, Queueing time: mean = 0.00ms, max = -0.00ms, min = 9223372036854.78ms, total = 0.00ms
[state-dump] 	NodeManager.deadline_timer.record_metrics - 1 total (1 active), Execution time: mean = 0.00ms, total = 0.00ms, Queueing time: mean = 0.00ms, max = -0.00ms, min = 9223372036854.78ms, total = 0.00ms
[state-dump] 	ray::rpc::InternalPubSubGcsService.grpc_client.GcsSubscriberCommandBatch - 1 total (0 active), Execution time: mean = 0.95ms, total = 0.95ms, Queueing time: mean = 0.00ms, max = -0.00ms, min = 9223372036854.78ms, total = 0.00ms
[state-dump] 	MemoryMonitor.CheckIsMemoryUsageAboveThreshold - 1 total (1 active), Execution time: mean = 0.00ms, total = 0.00ms, Queueing time: mean = 0.00ms, max = -0.00ms, min = 9223372036854.78ms, total = 0.00ms
[state-dump] DebugString() time ms: 0
[state-dump] 
[state-dump] 
[2026-01-08 10:24:52,991 I 233901 233901] (raylet) accessor.cc:433: Received address and liveness notification for node, IsAlive = 1 node_id=45fc29cae7a687bb7d03accece0dedb168e198c9240dab334f96c543
[2026-01-08 10:24:53,039 I 233901 233901] (raylet) worker_pool.cc:746: [Eagerly] Start install runtime environment for job 01000000.
[2026-01-08 10:24:53,041 I 233901 233901] (raylet) worker_pool.cc:527: Started worker process with pid 234010, the token is 0
[2026-01-08 10:24:53,043 I 233901 233901] (raylet) worker_pool.cc:527: Started worker process with pid 234011, the token is 1
[2026-01-08 10:24:53,045 I 233901 233901] (raylet) worker_pool.cc:527: Started worker process with pid 234012, the token is 2
[2026-01-08 10:24:53,047 I 233901 233901] (raylet) worker_pool.cc:527: Started worker process with pid 234013, the token is 3
[2026-01-08 10:24:53,049 I 233901 233901] (raylet) worker_pool.cc:527: Started worker process with pid 234014, the token is 4
[2026-01-08 10:24:53,051 I 233901 233901] (raylet) worker_pool.cc:527: Started worker process with pid 234015, the token is 5
[2026-01-08 10:24:53,053 I 233901 233901] (raylet) worker_pool.cc:527: Started worker process with pid 234016, the token is 6
[2026-01-08 10:24:53,055 I 233901 233901] (raylet) worker_pool.cc:527: Started worker process with pid 234017, the token is 7
[2026-01-08 10:24:53,058 I 233901 233901] (raylet) worker_pool.cc:527: Started worker process with pid 234018, the token is 8
[2026-01-08 10:24:53,060 I 233901 233901] (raylet) worker_pool.cc:527: Started worker process with pid 234019, the token is 9
[2026-01-08 10:24:53,062 I 233901 233901] (raylet) worker_pool.cc:527: Started worker process with pid 234020, the token is 10
[2026-01-08 10:24:53,065 I 233901 233901] (raylet) worker_pool.cc:527: Started worker process with pid 234021, the token is 11
[2026-01-08 10:24:53,067 I 233901 233901] (raylet) worker_pool.cc:527: Started worker process with pid 234022, the token is 12
[2026-01-08 10:24:53,069 I 233901 233901] (raylet) worker_pool.cc:527: Started worker process with pid 234023, the token is 13
[2026-01-08 10:24:53,071 I 233901 233901] (raylet) worker_pool.cc:527: Started worker process with pid 234024, the token is 14
[2026-01-08 10:24:53,074 I 233901 233901] (raylet) worker_pool.cc:527: Started worker process with pid 234025, the token is 15
[2026-01-08 10:24:53,076 I 233901 233901] (raylet) worker_pool.cc:527: Started worker process with pid 234026, the token is 16
[2026-01-08 10:24:53,078 I 233901 233901] (raylet) worker_pool.cc:527: Started worker process with pid 234027, the token is 17
[2026-01-08 10:24:53,080 I 233901 233901] (raylet) worker_pool.cc:527: Started worker process with pid 234028, the token is 18
[2026-01-08 10:24:53,120 I 233901 233901] (raylet) worker_pool.cc:527: Started worker process with pid 234029, the token is 19
[2026-01-08 10:24:53,122 I 233901 233901] (raylet) worker_pool.cc:527: Started worker process with pid 234030, the token is 20
[2026-01-08 10:24:53,124 I 233901 233901] (raylet) worker_pool.cc:527: Started worker process with pid 234031, the token is 21
[2026-01-08 10:24:53,127 I 233901 233901] (raylet) worker_pool.cc:527: Started worker process with pid 234032, the token is 22
[2026-01-08 10:24:53,129 I 233901 233901] (raylet) worker_pool.cc:527: Started worker process with pid 234033, the token is 23
[2026-01-08 10:24:53,131 I 233901 233901] (raylet) worker_pool.cc:527: Started worker process with pid 234034, the token is 24
[2026-01-08 10:24:53,133 I 233901 233901] (raylet) worker_pool.cc:527: Started worker process with pid 234035, the token is 25
[2026-01-08 10:24:53,135 I 233901 233901] (raylet) worker_pool.cc:527: Started worker process with pid 234036, the token is 26
[2026-01-08 10:24:53,137 I 233901 233901] (raylet) worker_pool.cc:527: Started worker process with pid 234037, the token is 27
[2026-01-08 10:24:53,139 I 233901 233901] (raylet) worker_pool.cc:527: Started worker process with pid 234038, the token is 28
[2026-01-08 10:24:53,142 I 233901 233901] (raylet) worker_pool.cc:527: Started worker process with pid 234039, the token is 29
[2026-01-08 10:24:53,144 I 233901 233901] (raylet) worker_pool.cc:527: Started worker process with pid 234040, the token is 30
[2026-01-08 10:24:53,146 I 233901 233901] (raylet) worker_pool.cc:527: Started worker process with pid 234041, the token is 31
[2026-01-08 10:24:53,148 I 233901 233901] (raylet) worker_pool.cc:527: Started worker process with pid 234042, the token is 32
[2026-01-08 10:24:53,150 I 233901 233901] (raylet) worker_pool.cc:527: Started worker process with pid 234043, the token is 33
[2026-01-08 10:24:53,152 I 233901 233901] (raylet) worker_pool.cc:527: Started worker process with pid 234044, the token is 34
[2026-01-08 10:24:53,154 I 233901 233901] (raylet) worker_pool.cc:527: Started worker process with pid 234045, the token is 35
[2026-01-08 10:24:53,157 I 233901 233901] (raylet) worker_pool.cc:527: Started worker process with pid 234046, the token is 36
[2026-01-08 10:24:53,159 I 233901 233901] (raylet) worker_pool.cc:527: Started worker process with pid 234047, the token is 37
[2026-01-08 10:24:53,161 I 233901 233901] (raylet) worker_pool.cc:527: Started worker process with pid 234048, the token is 38
[2026-01-08 10:24:53,163 I 233901 233901] (raylet) worker_pool.cc:527: Started worker process with pid 234049, the token is 39
[2026-01-08 10:24:53,166 I 233901 233901] (raylet) worker_pool.cc:527: Started worker process with pid 234050, the token is 40
[2026-01-08 10:24:53,168 I 233901 233901] (raylet) worker_pool.cc:527: Started worker process with pid 234051, the token is 41
[2026-01-08 10:24:53,170 I 233901 233901] (raylet) worker_pool.cc:527: Started worker process with pid 234052, the token is 42
[2026-01-08 10:24:53,173 I 233901 233901] (raylet) worker_pool.cc:527: Started worker process with pid 234053, the token is 43
[2026-01-08 10:24:53,177 I 233901 233901] (raylet) worker_pool.cc:527: Started worker process with pid 234054, the token is 44
[2026-01-08 10:24:53,180 I 233901 233901] (raylet) worker_pool.cc:527: Started worker process with pid 234055, the token is 45
[2026-01-08 10:24:53,183 I 233901 233901] (raylet) worker_pool.cc:527: Started worker process with pid 234056, the token is 46
[2026-01-08 10:24:53,187 I 233901 233901] (raylet) worker_pool.cc:527: Started worker process with pid 234057, the token is 47
[2026-01-08 10:24:53,190 I 233901 233901] (raylet) worker_pool.cc:527: Started worker process with pid 234058, the token is 48
[2026-01-08 10:24:53,193 I 233901 233901] (raylet) worker_pool.cc:527: Started worker process with pid 234059, the token is 49
[2026-01-08 10:24:53,197 I 233901 233901] (raylet) worker_pool.cc:527: Started worker process with pid 234060, the token is 50
[2026-01-08 10:24:53,200 I 233901 233901] (raylet) worker_pool.cc:527: Started worker process with pid 234061, the token is 51
[2026-01-08 10:24:53,203 I 233901 233901] (raylet) worker_pool.cc:527: Started worker process with pid 234062, the token is 52
[2026-01-08 10:24:53,206 I 233901 233901] (raylet) worker_pool.cc:527: Started worker process with pid 234063, the token is 53
[2026-01-08 10:24:53,210 I 233901 233901] (raylet) worker_pool.cc:527: Started worker process with pid 234064, the token is 54
[2026-01-08 10:24:53,214 I 233901 233901] (raylet) worker_pool.cc:527: Started worker process with pid 234065, the token is 55
[2026-01-08 10:24:53,217 I 233901 233901] (raylet) worker_pool.cc:527: Started worker process with pid 234066, the token is 56
[2026-01-08 10:24:53,220 I 233901 233901] (raylet) worker_pool.cc:527: Started worker process with pid 234067, the token is 57
[2026-01-08 10:24:53,223 I 233901 233901] (raylet) worker_pool.cc:527: Started worker process with pid 234068, the token is 58
[2026-01-08 10:24:53,227 I 233901 233901] (raylet) worker_pool.cc:527: Started worker process with pid 234069, the token is 59
[2026-01-08 10:24:53,230 I 233901 233901] (raylet) worker_pool.cc:527: Started worker process with pid 234070, the token is 60
[2026-01-08 10:24:53,233 I 233901 233901] (raylet) worker_pool.cc:527: Started worker process with pid 234071, the token is 61
[2026-01-08 10:24:53,236 I 233901 233901] (raylet) worker_pool.cc:527: Started worker process with pid 234072, the token is 62
[2026-01-08 10:24:53,239 I 233901 233901] (raylet) worker_pool.cc:527: Started worker process with pid 234073, the token is 63
[2026-01-08 10:24:53,242 I 233901 233901] (raylet) worker_pool.cc:527: Started worker process with pid 234074, the token is 64
[2026-01-08 10:24:53,244 I 233901 233901] (raylet) worker_pool.cc:527: Started worker process with pid 234075, the token is 65
[2026-01-08 10:24:53,247 I 233901 233901] (raylet) worker_pool.cc:527: Started worker process with pid 234076, the token is 66
[2026-01-08 10:24:53,250 I 233901 233901] (raylet) worker_pool.cc:527: Started worker process with pid 234077, the token is 67
[2026-01-08 10:24:53,253 I 233901 233901] (raylet) worker_pool.cc:527: Started worker process with pid 234078, the token is 68
[2026-01-08 10:24:53,257 I 233901 233901] (raylet) worker_pool.cc:527: Started worker process with pid 234079, the token is 69
[2026-01-08 10:24:53,260 I 233901 233901] (raylet) worker_pool.cc:527: Started worker process with pid 234080, the token is 70
[2026-01-08 10:24:53,263 I 233901 233901] (raylet) worker_pool.cc:527: Started worker process with pid 234081, the token is 71
[2026-01-08 10:24:53,266 I 233901 233901] (raylet) worker_pool.cc:527: Started worker process with pid 234082, the token is 72
[2026-01-08 10:24:53,269 I 233901 233901] (raylet) worker_pool.cc:527: Started worker process with pid 234083, the token is 73
[2026-01-08 10:24:53,272 I 233901 233901] (raylet) worker_pool.cc:527: Started worker process with pid 234084, the token is 74
[2026-01-08 10:24:53,276 I 233901 233901] (raylet) worker_pool.cc:527: Started worker process with pid 234085, the token is 75
[2026-01-08 10:24:53,279 I 233901 233901] (raylet) worker_pool.cc:527: Started worker process with pid 234086, the token is 76
[2026-01-08 10:24:53,282 I 233901 233901] (raylet) worker_pool.cc:527: Started worker process with pid 234087, the token is 77
[2026-01-08 10:24:53,286 I 233901 233901] (raylet) worker_pool.cc:527: Started worker process with pid 234088, the token is 78
[2026-01-08 10:24:53,289 I 233901 233901] (raylet) worker_pool.cc:527: Started worker process with pid 234089, the token is 79
[2026-01-08 10:24:53,293 I 233901 233901] (raylet) worker_pool.cc:527: Started worker process with pid 234090, the token is 80
[2026-01-08 10:24:53,296 I 233901 233901] (raylet) worker_pool.cc:527: Started worker process with pid 234091, the token is 81
[2026-01-08 10:24:53,300 I 233901 233901] (raylet) worker_pool.cc:527: Started worker process with pid 234092, the token is 82
[2026-01-08 10:24:53,405 I 233901 233901] (raylet) worker_pool.cc:527: Started worker process with pid 234096, the token is 83
[2026-01-08 10:24:53,408 I 233901 233901] (raylet) worker_pool.cc:527: Started worker process with pid 234097, the token is 84
[2026-01-08 10:24:53,412 I 233901 233901] (raylet) worker_pool.cc:527: Started worker process with pid 234098, the token is 85
[2026-01-08 10:24:53,415 I 233901 233901] (raylet) worker_pool.cc:527: Started worker process with pid 234102, the token is 86
[2026-01-08 10:24:53,419 I 233901 233901] (raylet) worker_pool.cc:527: Started worker process with pid 234117, the token is 87
[2026-01-08 10:24:53,422 I 233901 233901] (raylet) worker_pool.cc:527: Started worker process with pid 234127, the token is 88
[2026-01-08 10:24:53,425 I 233901 233901] (raylet) worker_pool.cc:527: Started worker process with pid 234128, the token is 89
[2026-01-08 10:24:53,429 I 233901 233901] (raylet) worker_pool.cc:527: Started worker process with pid 234129, the token is 90
[2026-01-08 10:24:53,432 I 233901 233901] (raylet) worker_pool.cc:527: Started worker process with pid 234130, the token is 91
[2026-01-08 10:24:53,436 I 233901 233901] (raylet) worker_pool.cc:527: Started worker process with pid 234131, the token is 92
[2026-01-08 10:24:53,439 I 233901 233901] (raylet) worker_pool.cc:527: Started worker process with pid 234132, the token is 93
[2026-01-08 10:24:53,443 I 233901 233901] (raylet) worker_pool.cc:527: Started worker process with pid 234133, the token is 94
[2026-01-08 10:24:53,446 I 233901 233901] (raylet) worker_pool.cc:527: Started worker process with pid 234134, the token is 95
[2026-01-08 10:24:53,450 I 233901 233901] (raylet) worker_pool.cc:527: Started worker process with pid 234135, the token is 96
[2026-01-08 10:24:53,453 I 233901 233901] (raylet) worker_pool.cc:527: Started worker process with pid 234136, the token is 97
[2026-01-08 10:24:53,456 I 233901 233901] (raylet) worker_pool.cc:527: Started worker process with pid 234137, the token is 98
[2026-01-08 10:24:53,460 I 233901 233901] (raylet) worker_pool.cc:527: Started worker process with pid 234138, the token is 99
[2026-01-08 10:24:53,463 I 233901 233901] (raylet) worker_pool.cc:527: Started worker process with pid 234139, the token is 100
[2026-01-08 10:24:53,466 I 233901 233901] (raylet) worker_pool.cc:527: Started worker process with pid 234140, the token is 101
[2026-01-08 10:24:53,470 I 233901 233901] (raylet) worker_pool.cc:527: Started worker process with pid 234141, the token is 102
[2026-01-08 10:24:53,488 I 233901 233901] (raylet) worker_pool.cc:527: Started worker process with pid 234142, the token is 103
[2026-01-08 10:24:53,492 I 233901 233901] (raylet) worker_pool.cc:527: Started worker process with pid 234143, the token is 104
[2026-01-08 10:24:53,495 I 233901 233901] (raylet) worker_pool.cc:527: Started worker process with pid 234144, the token is 105
[2026-01-08 10:24:53,499 I 233901 233901] (raylet) worker_pool.cc:527: Started worker process with pid 234145, the token is 106
[2026-01-08 10:24:53,502 I 233901 233901] (raylet) worker_pool.cc:527: Started worker process with pid 234146, the token is 107
[2026-01-08 10:24:53,506 I 233901 233901] (raylet) worker_pool.cc:527: Started worker process with pid 234147, the token is 108
[2026-01-08 10:24:53,538 I 233901 233901] (raylet) worker_pool.cc:527: Started worker process with pid 234148, the token is 109
[2026-01-08 10:24:53,541 I 233901 233901] (raylet) worker_pool.cc:527: Started worker process with pid 234149, the token is 110
[2026-01-08 10:24:53,544 I 233901 233901] (raylet) worker_pool.cc:527: Started worker process with pid 234150, the token is 111
[2026-01-08 10:24:53,560 I 233901 233901] (raylet) runtime_env_agent_client.cc:350: Runtime Env Agent network error: NotFound: on_connect Connection refused, the server may be still starting or is already failed. Scheduling a retry in 1000ms...
[2026-01-08 10:24:53,949 I 233901 233924] (raylet) object_store.cc:37: Object store current usage 8e-09 / 9.66361 GB.
[2026-01-08 10:24:54,563 I 233901 233901] (raylet) runtime_env_agent_client.cc:393: Create runtime env for job 01000000
[2026-01-08 10:24:54,563 I 233901 233901] (raylet) worker_pool.cc:757: [Eagerly] Create runtime env successful for job 01000000.
[2026-01-08 10:24:54,897 I 233901 233901] (raylet) worker_pool.cc:736: Job 01000000 already started in worker pool.
[2026-01-08 10:24:55,016 I 233901 233901] (raylet) runtime_env_agent_client.cc:393: Create runtime env for job 01000000
[2026-01-08 10:24:55,020 I 233901 233901] (raylet) worker_pool.cc:527: Started worker process with pid 240186, the token is 112
[2026-01-08 10:24:55,998 I 233901 233901] (raylet) node_manager.cc:1409: Disconnecting worker, graceful=true, disconnect_type=1, has_creation_task_exception=false worker_id=25ac3e1336dd6227239321c110b561066991803649b1b042cae51b7d job_id=NIL_ID
[2026-01-08 10:24:56,003 W 233901 233924] (raylet) store.cc:365: Disconnecting client due to connection error with code 2: End of file
[2026-01-08 10:25:02,937 E 233901 233929] (raylet) file_system_monitor.cc:116: /app/ray_tmp/ray/session_2026-01-08_10-24-49_500606_233590 is over 95% full, available space: 6.28695 GB; capacity: 3517.78 GB. Object creation will fail if spilling is required.
[2026-01-08 10:25:12,944 E 233901 233929] (raylet) file_system_monitor.cc:116: /app/ray_tmp/ray/session_2026-01-08_10-24-49_500606_233590 is over 95% full, available space: 6.28691 GB; capacity: 3517.78 GB. Object creation will fail if spilling is required.
[2026-01-08 10:25:22,953 E 233901 233929] (raylet) file_system_monitor.cc:116: /app/ray_tmp/ray/session_2026-01-08_10-24-49_500606_233590 is over 95% full, available space: 6.2869 GB; capacity: 3517.78 GB. Object creation will fail if spilling is required.
[2026-01-08 10:25:22,999 E 233901 233901] (raylet) main.cc:1032: Failed to establish connection to the metrics exporter agent. Metrics will not be exported. Exporter agent status: RpcError: Running out of retries to initialize the metrics agent. rpc_code: 14
[2026-01-08 10:25:32,963 E 233901 233929] (raylet) file_system_monitor.cc:116: /app/ray_tmp/ray/session_2026-01-08_10-24-49_500606_233590 is over 95% full, available space: 6.28647 GB; capacity: 3517.78 GB. Object creation will fail if spilling is required.
[2026-01-08 10:25:42,976 E 233901 233929] (raylet) file_system_monitor.cc:116: /app/ray_tmp/ray/session_2026-01-08_10-24-49_500606_233590 is over 95% full, available space: 6.28646 GB; capacity: 3517.78 GB. Object creation will fail if spilling is required.
[2026-01-08 10:25:52,924 I 233901 233924] (raylet) store.cc:572: Plasma store debug dump: 
Current usage: 0 / 9.66361 GB
- num bytes created total: 912
0 pending objects of total size 0MB
- objects spillable: 0
- bytes spillable: 0
- objects unsealed: 0
- bytes unsealed: 0
- objects in use: 0
- bytes in use: 0
- objects evictable: 0
- bytes evictable: 0

- objects created by worker: 0
- bytes created by worker: 0
- objects restored: 0
- bytes restored: 0
- objects received: 0
- bytes received: 0
- objects errored: 0
- bytes errored: 0

[2026-01-08 10:25:52,986 E 233901 233929] (raylet) file_system_monitor.cc:116: /app/ray_tmp/ray/session_2026-01-08_10-24-49_500606_233590 is over 95% full, available space: 6.28643 GB; capacity: 3517.78 GB. Object creation will fail if spilling is required.
[2026-01-08 10:25:52,992 I 233901 233901] (raylet) node_manager.cc:432: [state-dump] NodeManager:
[state-dump] Node ID: 45fc29cae7a687bb7d03accece0dedb168e198c9240dab334f96c543
[state-dump] Node name: 192.168.88.6
[state-dump] InitialConfigResources: {node:__internal_head__: 1, CPU: 112, memory: 5.25876e+11, object_store_memory: 1.02005e+10, node:192.168.88.6: 1}
[state-dump] ClusterLeaseManager:
[state-dump] ========== Node: 45fc29cae7a687bb7d03accece0dedb168e198c9240dab334f96c543 =================
[state-dump] Infeasible queue length: 1
[state-dump] Schedule queue length: 0
[state-dump] Grant queue length: 0
[state-dump] num_waiting_for_resource: 0
[state-dump] num_waiting_for_plasma_memory: 0
[state-dump] num_waiting_for_remote_node_resources: 0
[state-dump] num_worker_not_started_by_job_config_not_exist: 0
[state-dump] num_worker_not_started_by_registration_timeout: 0
[state-dump] num_tasks_waiting_for_workers: 0
[state-dump] num_cancelled_leases: 0
[state-dump] cluster_resource_scheduler state: 
[state-dump] Local id: -4622768318049823710 Local resources: {"total":{memory: [5258759337980000], object_store_memory: [102004811770000], node:192.168.88.6: [10000], node:__internal_head__: [10000], CPU: [1120000]}}, "available": {memory: [5258759337980000], object_store_memory: [102004811770000], node:192.168.88.6: [10000], node:__internal_head__: [10000], CPU: [1120000]}}, "labels":{"ray.io/node-id":"45fc29cae7a687bb7d03accece0dedb168e198c9240dab334f96c543",} is_draining: 0 is_idle: 0 Cluster resources (at most 20 nodes are shown): node id: -4622768318049823710{"total":{CPU: 1120000, node:192.168.88.6: 10000, object_store_memory: 102004811770000, node:__internal_head__: 10000, memory: 5258759337980000}}, "available": {node:__internal_head__: 10000, node:192.168.88.6: 10000, object_store_memory: 102004811770000, CPU: 1120000, memory: 5258759337980000}}, "labels":{"ray.io/node-id":"45fc29cae7a687bb7d03accece0dedb168e198c9240dab334f96c543",}, "is_draining": 0, "draining_deadline_timestamp_ms": -1} { "placement group locations": [], "node to bundles": []}
[state-dump] Waiting leases size: 0
[state-dump] Number of granted lease arguments: 1
[state-dump] Number of pinned lease arguments: 0
[state-dump] Number of total spilled leases: 0
[state-dump] Number of spilled waiting leases: 0
[state-dump] Number of spilled unschedulable leases: 0
[state-dump] Resource usage {
[state-dump] }
[state-dump] Backlog Size per scheduling descriptor :{workerId: num backlogs}:
[state-dump] 
[state-dump] Granted leases by scheduling class:
[state-dump]     - {depth=1 function_descriptor={type=PythonFunctionDescriptor, module_name=main_ppo, class_name=, function_name=main_task, function_hash=f7f020ef698c47cd8634a8a2b58312a7} scheduling_strategy=default_scheduling_strategy {
[state-dump] }
[state-dump]  resource_set={CPU : 1, }label_selector={}}fallback_strategy=[]: 1/112
[state-dump] ==================================================
[state-dump] 
[state-dump] ClusterResources:
[state-dump] LocalObjectManager:
[state-dump] - num pinned objects: 0
[state-dump] - pinned objects size: 0
[state-dump] - num objects pending restore: 0
[state-dump] - num objects pending spill: 0
[state-dump] - num bytes pending spill: 0
[state-dump] - num bytes currently spilled: 0
[state-dump] - cumulative spill requests: 0
[state-dump] - cumulative restore requests: 0
[state-dump] - spilled objects pending delete: 0
[state-dump] 
[state-dump] ObjectManager:
[state-dump] - num local objects: 0
[state-dump] - num unfulfilled push requests: 0
[state-dump] - num object pull requests: 0
[state-dump] - num chunks received total: 0
[state-dump] - num chunks received failed (all): 0
[state-dump] - num chunks received failed / cancelled: 0
[state-dump] - num chunks received failed / plasma error: 0
[state-dump] Event stats:
[state-dump] Global stats: 0 total (0 active)
[state-dump] Queueing time: mean = -nanms, max = -0.00ms, min = 9223372036854.78ms, total = 0.00ms
[state-dump] Execution time:  mean = -nanms, total = 0.00ms
[state-dump] Event stats:
[state-dump] PushManager:
[state-dump] - num pushes remaining: 0
[state-dump] - num chunks in flight: 0
[state-dump] - num chunks remaining: 0
[state-dump] - max chunks allowed: 409
[state-dump] OwnershipBasedObjectDirectory:
[state-dump] - num listeners: 0
[state-dump] - cumulative location updates: 0
[state-dump] - num location updates per second: 0.000
[state-dump] - num location lookups per second: 0.000
[state-dump] - num locations added per second: 0.000
[state-dump] - num locations removed per second: 0.000
[state-dump] BufferPool:
[state-dump] - create buffer state map size: 0
[state-dump] PullManager:
[state-dump] - num bytes available for pulled objects: 9663613747
[state-dump] - num bytes being pulled (all): 0
[state-dump] - num bytes being pulled / pinned: 0
[state-dump] - get request bundles: BundlePullRequestQueue{0 total, 0 active, 0 inactive, 0 unpullable}
[state-dump] - wait request bundles: BundlePullRequestQueue{0 total, 0 active, 0 inactive, 0 unpullable}
[state-dump] - task request bundles: BundlePullRequestQueue{0 total, 0 active, 0 inactive, 0 unpullable}
[state-dump] - first get request bundle: N/A
[state-dump] - first wait request bundle: N/A
[state-dump] - first task request bundle: N/A
[state-dump] - num objects queued: 0
[state-dump] - num objects actively pulled (all): 0
[state-dump] - num objects actively pulled / pinned: 0
[state-dump] - num bundles being pulled: 0
[state-dump] - num pull retries: 0
[state-dump] - max timeout seconds: 0
[state-dump] - max timeout request is already processed. No entry.
[state-dump] 
[state-dump] WorkerPool:
[state-dump] - registered jobs: 1
[state-dump] - process_failed_job_config_missing: 0
[state-dump] - process_failed_rate_limited: 0
[state-dump] - process_failed_pending_registration: 0
[state-dump] - process_failed_runtime_env_setup_failed: 0
[state-dump] - num PYTHON workers: 112
[state-dump] - num PYTHON drivers: 1
[state-dump] - num PYTHON pending start requests: 0
[state-dump] - num PYTHON pending registration requests: 0
[state-dump] - num object spill callbacks queued: 0
[state-dump] - num object restore queued: 0
[state-dump] - num util functions queued: 0
[state-dump] - num JAVA workers: 0
[state-dump] - num JAVA drivers: 0
[state-dump] - num JAVA pending start requests: 0
[state-dump] - num JAVA pending registration requests: 0
[state-dump] - num object spill callbacks queued: 0
[state-dump] - num object restore queued: 0
[state-dump] - num util functions queued: 0
[state-dump] - num idle workers: 111
[state-dump] LeaseDependencyManager:
[state-dump] - lease deps map size: 0
[state-dump] - get req map size: 0
[state-dump] - wait req map size: 0
[state-dump] - local objects map size: 0
[state-dump] WaitManager:
[state-dump] - num active wait requests: 0
[state-dump] Subscriber:
[state-dump] Channel WORKER_REF_REMOVED_CHANNEL
[state-dump] - cumulative subscribe requests: 0
[state-dump] - cumulative unsubscribe requests: 0
[state-dump] - active subscribed publishers: 0
[state-dump] - cumulative published messages: 0
[state-dump] - cumulative processed messages: 0
[state-dump] Channel WORKER_OBJECT_EVICTION
[state-dump] - cumulative subscribe requests: 0
[state-dump] - cumulative unsubscribe requests: 0
[state-dump] - active subscribed publishers: 0
[state-dump] - cumulative published messages: 0
[state-dump] - cumulative processed messages: 0
[state-dump] Channel WORKER_OBJECT_LOCATIONS_CHANNEL
[state-dump] - cumulative subscribe requests: 0
[state-dump] - cumulative unsubscribe requests: 0
[state-dump] - active subscribed publishers: 0
[state-dump] - cumulative published messages: 0
[state-dump] - cumulative processed messages: 0
[state-dump] num async plasma notifications: 0
[state-dump] Event stats:
[state-dump] Global stats: 17589 total (129 active)
[state-dump] Queueing time: mean = 2.64ms, max = 8965.82ms, min = 0.00ms, total = 46431.59ms
[state-dump] Execution time:  mean = 0.46ms, total = 8051.62ms
[state-dump] Event stats:
[state-dump] 	NodeManagerService.grpc_server.ReportWorkerBacklog - 6668 total (0 active), Execution time: mean = 0.30ms, total = 2005.04ms, Queueing time: mean = 0.00ms, max = -0.00ms, min = 9223372036854.78ms, total = 0.00ms
[state-dump] 	NodeManagerService.grpc_server.ReportWorkerBacklog.HandleRequestImpl - 6668 total (0 active), Execution time: mean = 0.06ms, total = 430.91ms, Queueing time: mean = 0.04ms, max = 2.91ms, min = 0.00ms, total = 250.31ms
[state-dump] 	NodeManager.CheckGC - 595 total (1 active), Execution time: mean = 0.00ms, total = 2.22ms, Queueing time: mean = 0.88ms, max = 454.44ms, min = 0.00ms, total = 524.14ms
[state-dump] 	ObjectManager.UpdateAvailableMemory - 595 total (0 active), Execution time: mean = 0.00ms, total = 2.19ms, Queueing time: mean = 0.02ms, max = 2.23ms, min = 0.01ms, total = 14.72ms
[state-dump] 	RaySyncer.OnDemandBroadcasting - 595 total (1 active), Execution time: mean = 0.01ms, total = 8.27ms, Queueing time: mean = 0.87ms, max = 454.43ms, min = 0.00ms, total = 518.95ms
[state-dump] 	ClientConnection.async_read.ProcessMessageHeader - 458 total (113 active), Execution time: mean = 0.00ms, total = 1.64ms, Queueing time: mean = 30.42ms, max = 8965.82ms, min = 0.01ms, total = 13930.10ms
[state-dump] 	ClientConnection.async_read.ProcessMessage - 345 total (0 active), Execution time: mean = 1.57ms, total = 540.77ms, Queueing time: mean = 0.07ms, max = 1.51ms, min = 0.00ms, total = 23.79ms
[state-dump] 	RayletWorkerPool.deadline_timer.kill_idle_workers - 298 total (1 active), Execution time: mean = 0.03ms, total = 9.92ms, Queueing time: mean = 1.37ms, max = 370.90ms, min = 0.00ms, total = 409.33ms
[state-dump] 	MemoryMonitor.CheckIsMemoryUsageAboveThreshold - 237 total (1 active), Execution time: mean = 2.28ms, total = 539.80ms, Queueing time: mean = 1.66ms, max = 320.99ms, min = 0.00ms, total = 393.80ms
[state-dump] 	ClientConnection.async_write.DoAsyncWrites - 115 total (0 active), Execution time: mean = 0.00ms, total = 0.09ms, Queueing time: mean = 0.03ms, max = 0.32ms, min = 0.01ms, total = 3.70ms
[state-dump] 	ObjectManager.ObjectDeleted - 114 total (0 active), Execution time: mean = 0.01ms, total = 1.45ms, Queueing time: mean = 0.12ms, max = 0.97ms, min = 0.01ms, total = 13.54ms
[state-dump] 	NodeManagerService.grpc_server.GetSystemConfig - 114 total (0 active), Execution time: mean = 1.09ms, total = 124.00ms, Queueing time: mean = 0.00ms, max = -0.00ms, min = 9223372036854.78ms, total = 0.00ms
[state-dump] 	NodeManagerService.grpc_server.GetSystemConfig.HandleRequestImpl - 114 total (0 active), Execution time: mean = 0.05ms, total = 6.19ms, Queueing time: mean = 0.83ms, max = 67.94ms, min = 0.00ms, total = 94.80ms
[state-dump] 	ObjectManager.ObjectAdded - 114 total (0 active), Execution time: mean = 0.01ms, total = 0.89ms, Queueing time: mean = 0.15ms, max = 4.69ms, min = 0.00ms, total = 17.34ms
[state-dump] 	NodeManagerService.grpc_server.GetResourceLoad - 60 total (0 active), Execution time: mean = 1.35ms, total = 80.78ms, Queueing time: mean = 0.00ms, max = -0.00ms, min = 9223372036854.78ms, total = 0.00ms
[state-dump] 	NodeManager.ScheduleAndGrantLeases - 60 total (1 active), Execution time: mean = 0.03ms, total = 1.60ms, Queueing time: mean = 0.04ms, max = 0.74ms, min = 0.00ms, total = 2.30ms
[state-dump] 	NodeManager.deadline_timer.spill_objects_when_over_threshold - 60 total (1 active), Execution time: mean = 0.00ms, total = 0.21ms, Queueing time: mean = 0.19ms, max = 3.57ms, min = 0.00ms, total = 11.58ms
[state-dump] 	NodeManager.CheckForUnexpectedWorkerDisconnects - 60 total (1 active), Execution time: mean = 0.14ms, total = 8.30ms, Queueing time: mean = 0.02ms, max = 0.05ms, min = 0.00ms, total = 1.16ms
[state-dump] 	NodeManager.deadline_timer.flush_free_objects - 60 total (1 active), Execution time: mean = 0.00ms, total = 0.30ms, Queueing time: mean = 0.19ms, max = 3.57ms, min = 0.00ms, total = 11.51ms
[state-dump] 	NodeManagerService.grpc_server.GetResourceLoad.HandleRequestImpl - 60 total (0 active), Execution time: mean = 0.12ms, total = 7.41ms, Queueing time: mean = 0.97ms, max = 56.78ms, min = 0.01ms, total = 58.01ms
[state-dump] 	ReporterService.grpc_client.HealthCheck.OnReplyReceived - 31 total (0 active), Execution time: mean = 0.07ms, total = 2.15ms, Queueing time: mean = 0.03ms, max = 0.05ms, min = 0.01ms, total = 0.81ms
[state-dump] 	ReporterService.grpc_client.HealthCheck - 31 total (0 active), Execution time: mean = 0.35ms, total = 10.95ms, Queueing time: mean = 0.00ms, max = -0.00ms, min = 9223372036854.78ms, total = 0.00ms
[state-dump] 	MetricsAgentClient.WaitForServerReadyWithRetry - 30 total (0 active), Execution time: mean = 0.22ms, total = 6.51ms, Queueing time: mean = 1000.04ms, max = 1000.65ms, min = 1000.01ms, total = 30001.32ms
[state-dump] 	ClusterResourceManager.ResetRemoteNodeView - 21 total (1 active), Execution time: mean = 0.01ms, total = 0.17ms, Queueing time: mean = 0.03ms, max = 0.07ms, min = 0.01ms, total = 0.61ms
[state-dump] 	PeriodicalRunner.RunFnPeriodically - 14 total (0 active), Execution time: mean = 0.20ms, total = 2.78ms, Queueing time: mean = 9.42ms, max = 30.52ms, min = 0.06ms, total = 131.82ms
[state-dump] 	NodeManager.deadline_timer.record_metrics - 12 total (1 active), Execution time: mean = 0.34ms, total = 4.09ms, Queueing time: mean = 0.63ms, max = 3.28ms, min = 0.01ms, total = 7.58ms
[state-dump] 	event_loop_lag_probe - 8 total (0 active), Execution time: mean = 0.02ms, total = 0.18ms, Queueing time: mean = 0.99ms, max = 7.83ms, min = 0.00ms, total = 7.89ms
[state-dump] 	NodeManager.deadline_timer.debug_state_dump - 6 total (1 active), Execution time: mean = 1.83ms, total = 10.97ms, Queueing time: mean = 0.01ms, max = 0.02ms, min = 0.01ms, total = 0.08ms
[state-dump] 	RaySyncer.BroadcastMessage - 5 total (0 active), Execution time: mean = 0.17ms, total = 0.86ms, Queueing time: mean = 0.00ms, max = 0.00ms, min = 0.00ms, total = 0.00ms
[state-dump] 	 - 5 total (0 active), Execution time: mean = 0.00ms, total = 0.00ms, Queueing time: mean = 0.02ms, max = 0.04ms, min = 0.01ms, total = 0.11ms
[state-dump] 	ray::rpc::InternalPubSubGcsService.grpc_client.GcsSubscriberPoll - 3 total (1 active), Execution time: mean = 1004.63ms, total = 3013.88ms, Queueing time: mean = 0.00ms, max = -0.00ms, min = 9223372036854.78ms, total = 0.00ms
[state-dump] 	RaySyncerRegister - 2 total (0 active), Execution time: mean = 0.00ms, total = 0.01ms, Queueing time: mean = 0.00ms, max = 0.00ms, min = 0.00ms, total = 0.00ms
[state-dump] 	ray::rpc::InternalPubSubGcsService.grpc_client.GcsSubscriberCommandBatch - 2 total (0 active), Execution time: mean = 0.92ms, total = 1.84ms, Queueing time: mean = 0.00ms, max = -0.00ms, min = 9223372036854.78ms, total = 0.00ms
[state-dump] 	NodeManagerService.grpc_server.RequestWorkerLease.HandleRequestImpl - 2 total (0 active), Execution time: mean = 0.21ms, total = 0.42ms, Queueing time: mean = 0.02ms, max = 0.02ms, min = 0.01ms, total = 0.03ms
[state-dump] 	NodeManagerService.grpc_server.RequestWorkerLease - 2 total (1 active), Execution time: mean = 573.55ms, total = 1147.10ms, Queueing time: mean = 0.00ms, max = -0.00ms, min = 9223372036854.78ms, total = 0.00ms
[state-dump] 	ray::rpc::InternalPubSubGcsService.grpc_client.GcsSubscriberPoll.OnReplyReceived - 2 total (0 active), Execution time: mean = 0.25ms, total = 0.50ms, Queueing time: mean = 0.09ms, max = 0.11ms, min = 0.07ms, total = 0.18ms
[state-dump] 	ray::rpc::InternalPubSubGcsService.grpc_client.GcsSubscriberCommandBatch.OnReplyReceived - 2 total (0 active), Execution time: mean = 0.11ms, total = 0.21ms, Queueing time: mean = 0.71ms, max = 1.28ms, min = 0.15ms, total = 1.43ms
[state-dump] 	ray::rpc::InternalKVGcsService.grpc_client.GetInternalConfig.OnReplyReceived - 1 total (0 active), Execution time: mean = 64.98ms, total = 64.98ms, Queueing time: mean = 0.02ms, max = 0.02ms, min = 0.02ms, total = 0.02ms
[state-dump] 	ray::rpc::NodeInfoGcsService.grpc_client.CheckAlive.OnReplyReceived - 1 total (0 active), Execution time: mean = 0.01ms, total = 0.01ms, Queueing time: mean = 0.01ms, max = 0.01ms, min = 0.01ms, total = 0.01ms
[state-dump] 	Subscriber.HandlePublishedMessage_GCS_JOB_CHANNEL - 1 total (0 active), Execution time: mean = 0.07ms, total = 0.07ms, Queueing time: mean = 0.24ms, max = 0.24ms, min = 0.24ms, total = 0.24ms
[state-dump] 	ray::rpc::JobInfoGcsService.grpc_client.GetAllJobInfo - 1 total (0 active), Execution time: mean = 0.71ms, total = 0.71ms, Queueing time: mean = 0.00ms, max = -0.00ms, min = 9223372036854.78ms, total = 0.00ms
[state-dump] 	ray::rpc::JobInfoGcsService.grpc_client.GetAllJobInfo.OnReplyReceived - 1 total (0 active), Execution time: mean = 0.01ms, total = 0.01ms, Queueing time: mean = 0.01ms, max = 0.01ms, min = 0.01ms, total = 0.01ms
[state-dump] 	CoreWorkerService.grpc_client.Exit - 1 total (0 active), Execution time: mean = 1.83ms, total = 1.83ms, Queueing time: mean = 0.00ms, max = -0.00ms, min = 9223372036854.78ms, total = 0.00ms
[state-dump] 	ray::rpc::NodeInfoGcsService.grpc_client.RegisterNode.OnReplyReceived - 1 total (0 active), Execution time: mean = 0.28ms, total = 0.28ms, Queueing time: mean = 0.01ms, max = 0.01ms, min = 0.01ms, total = 0.01ms
[state-dump] 	NodeManager.deadline_timer.print_event_loop_stats - 1 total (1 active, 1 running), Execution time: mean = 0.00ms, total = 0.00ms, Queueing time: mean = 0.00ms, max = -0.00ms, min = 9223372036854.78ms, total = 0.00ms
[state-dump] 	ray::rpc::NodeInfoGcsService.grpc_client.CheckAlive - 1 total (0 active), Execution time: mean = 0.80ms, total = 0.80ms, Queueing time: mean = 0.00ms, max = -0.00ms, min = 9223372036854.78ms, total = 0.00ms
[state-dump] 	ray::rpc::NodeInfoGcsService.grpc_client.RegisterNode - 1 total (0 active), Execution time: mean = 1.31ms, total = 1.31ms, Queueing time: mean = 0.00ms, max = -0.00ms, min = 9223372036854.78ms, total = 0.00ms
[state-dump] 	ray::rpc::NodeInfoGcsService.grpc_client.GetAllNodeAddressAndLiveness - 1 total (0 active), Execution time: mean = 0.94ms, total = 0.94ms, Queueing time: mean = 0.00ms, max = -0.00ms, min = 9223372036854.78ms, total = 0.00ms
[state-dump] 	NodeManager.GcsCheckAlive - 1 total (1 active), Execution time: mean = 0.00ms, total = 0.00ms, Queueing time: mean = 0.00ms, max = -0.00ms, min = 9223372036854.78ms, total = 0.00ms
[state-dump] 	ray::rpc::JobInfoGcsService.grpc_client.AddJob.OnReplyReceived - 1 total (0 active), Execution time: mean = 0.07ms, total = 0.07ms, Queueing time: mean = 0.02ms, max = 0.02ms, min = 0.02ms, total = 0.02ms
[state-dump] 	ray::rpc::JobInfoGcsService.grpc_client.AddJob - 1 total (0 active), Execution time: mean = 1.08ms, total = 1.08ms, Queueing time: mean = 0.00ms, max = -0.00ms, min = 9223372036854.78ms, total = 0.00ms
[state-dump] 	ray::rpc::InternalKVGcsService.grpc_client.GetInternalConfig - 1 total (0 active), Execution time: mean = 1.46ms, total = 1.46ms, Queueing time: mean = 0.00ms, max = -0.00ms, min = 9223372036854.78ms, total = 0.00ms
[state-dump] 	ray::rpc::NodeInfoGcsService.grpc_client.GetAllNodeAddressAndLiveness.OnReplyReceived - 1 total (0 active), Execution time: mean = 0.15ms, total = 0.15ms, Queueing time: mean = 0.01ms, max = 0.01ms, min = 0.01ms, total = 0.01ms
[state-dump] 	NodeManager.GCTaskFailureReason - 1 total (1 active), Execution time: mean = 0.00ms, total = 0.00ms, Queueing time: mean = 0.00ms, max = -0.00ms, min = 9223372036854.78ms, total = 0.00ms
[state-dump] 	CoreWorkerService.grpc_client.Exit.OnReplyReceived - 1 total (0 active), Execution time: mean = 0.04ms, total = 0.04ms, Queueing time: mean = 0.02ms, max = 0.02ms, min = 0.02ms, total = 0.02ms
[state-dump] 	ray::rpc::WorkerInfoGcsService.grpc_client.ReportWorkerFailure - 1 total (0 active), Execution time: mean = 3.22ms, total = 3.22ms, Queueing time: mean = 0.00ms, max = -0.00ms, min = 9223372036854.78ms, total = 0.00ms
[state-dump] 	Subscriber.HandlePublishedMessage_GCS_WORKER_DELTA_CHANNEL - 1 total (0 active), Execution time: mean = 0.01ms, total = 0.01ms, Queueing time: mean = 0.26ms, max = 0.26ms, min = 0.26ms, total = 0.26ms
[state-dump] 	ray::rpc::WorkerInfoGcsService.grpc_client.ReportWorkerFailure.OnReplyReceived - 1 total (0 active), Execution time: mean = 0.04ms, total = 0.04ms, Queueing time: mean = 0.03ms, max = 0.03ms, min = 0.03ms, total = 0.03ms
[state-dump] DebugString() time ms: 1
[state-dump] 
[state-dump] 
[2026-01-08 10:26:02,998 E 233901 233929] (raylet) file_system_monitor.cc:116: /app/ray_tmp/ray/session_2026-01-08_10-24-49_500606_233590 is over 95% full, available space: 6.28597 GB; capacity: 3517.78 GB. Object creation will fail if spilling is required.
[2026-01-08 10:26:13,009 E 233901 233929] (raylet) file_system_monitor.cc:116: /app/ray_tmp/ray/session_2026-01-08_10-24-49_500606_233590 is over 95% full, available space: 6.28596 GB; capacity: 3517.78 GB. Object creation will fail if spilling is required.
[2026-01-08 10:26:23,018 E 233901 233929] (raylet) file_system_monitor.cc:116: /app/ray_tmp/ray/session_2026-01-08_10-24-49_500606_233590 is over 95% full, available space: 6.28595 GB; capacity: 3517.78 GB. Object creation will fail if spilling is required.
[2026-01-08 10:26:33,027 E 233901 233929] (raylet) file_system_monitor.cc:116: /app/ray_tmp/ray/session_2026-01-08_10-24-49_500606_233590 is over 95% full, available space: 6.28594 GB; capacity: 3517.78 GB. Object creation will fail if spilling is required.
[2026-01-08 10:26:43,034 E 233901 233929] (raylet) file_system_monitor.cc:116: /app/ray_tmp/ray/session_2026-01-08_10-24-49_500606_233590 is over 95% full, available space: 6.28593 GB; capacity: 3517.78 GB. Object creation will fail if spilling is required.
[2026-01-08 10:26:52,924 I 233901 233924] (raylet) store.cc:572: Plasma store debug dump: 
Current usage: 0 / 9.66361 GB
- num bytes created total: 912
0 pending objects of total size 0MB
- objects spillable: 0
- bytes spillable: 0
- objects unsealed: 0
- bytes unsealed: 0
- objects in use: 0
- bytes in use: 0
- objects evictable: 0
- bytes evictable: 0

- objects created by worker: 0
- bytes created by worker: 0
- objects restored: 0
- bytes restored: 0
- objects received: 0
- bytes received: 0
- objects errored: 0
- bytes errored: 0

[2026-01-08 10:26:52,994 I 233901 233901] (raylet) node_manager.cc:432: [state-dump] NodeManager:
[state-dump] Node ID: 45fc29cae7a687bb7d03accece0dedb168e198c9240dab334f96c543
[state-dump] Node name: 192.168.88.6
[state-dump] InitialConfigResources: {node:__internal_head__: 1, CPU: 112, memory: 5.25876e+11, object_store_memory: 1.02005e+10, node:192.168.88.6: 1}
[state-dump] ClusterLeaseManager:
[state-dump] ========== Node: 45fc29cae7a687bb7d03accece0dedb168e198c9240dab334f96c543 =================
[state-dump] Infeasible queue length: 1
[state-dump] Schedule queue length: 0
[state-dump] Grant queue length: 0
[state-dump] num_waiting_for_resource: 0
[state-dump] num_waiting_for_plasma_memory: 0
[state-dump] num_waiting_for_remote_node_resources: 0
[state-dump] num_worker_not_started_by_job_config_not_exist: 0
[state-dump] num_worker_not_started_by_registration_timeout: 0
[state-dump] num_tasks_waiting_for_workers: 0
[state-dump] num_cancelled_leases: 0
[state-dump] cluster_resource_scheduler state: 
[state-dump] Local id: -4622768318049823710 Local resources: {"total":{memory: [5258759337980000], object_store_memory: [102004811770000], node:192.168.88.6: [10000], node:__internal_head__: [10000], CPU: [1120000]}}, "available": {memory: [5258759337980000], object_store_memory: [102004811770000], node:192.168.88.6: [10000], node:__internal_head__: [10000], CPU: [1120000]}}, "labels":{"ray.io/node-id":"45fc29cae7a687bb7d03accece0dedb168e198c9240dab334f96c543",} is_draining: 0 is_idle: 0 Cluster resources (at most 20 nodes are shown): node id: -4622768318049823710{"total":{CPU: 1120000, node:192.168.88.6: 10000, object_store_memory: 102004811770000, node:__internal_head__: 10000, memory: 5258759337980000}}, "available": {node:__internal_head__: 10000, node:192.168.88.6: 10000, object_store_memory: 102004811770000, CPU: 1120000, memory: 5258759337980000}}, "labels":{"ray.io/node-id":"45fc29cae7a687bb7d03accece0dedb168e198c9240dab334f96c543",}, "is_draining": 0, "draining_deadline_timestamp_ms": -1} { "placement group locations": [], "node to bundles": []}
[state-dump] Waiting leases size: 0
[state-dump] Number of granted lease arguments: 1
[state-dump] Number of pinned lease arguments: 0
[state-dump] Number of total spilled leases: 0
[state-dump] Number of spilled waiting leases: 0
[state-dump] Number of spilled unschedulable leases: 0
[state-dump] Resource usage {
[state-dump] }
[state-dump] Backlog Size per scheduling descriptor :{workerId: num backlogs}:
[state-dump] 
[state-dump] Granted leases by scheduling class:
[state-dump]     - {depth=1 function_descriptor={type=PythonFunctionDescriptor, module_name=main_ppo, class_name=, function_name=main_task, function_hash=f7f020ef698c47cd8634a8a2b58312a7} scheduling_strategy=default_scheduling_strategy {
[state-dump] }
[state-dump]  resource_set={CPU : 1, }label_selector={}}fallback_strategy=[]: 1/112
[state-dump] ==================================================
[state-dump] 
[state-dump] ClusterResources:
[state-dump] LocalObjectManager:
[state-dump] - num pinned objects: 0
[state-dump] - pinned objects size: 0
[state-dump] - num objects pending restore: 0
[state-dump] - num objects pending spill: 0
[state-dump] - num bytes pending spill: 0
[state-dump] - num bytes currently spilled: 0
[state-dump] - cumulative spill requests: 0
[state-dump] - cumulative restore requests: 0
[state-dump] - spilled objects pending delete: 0
[state-dump] 
[state-dump] ObjectManager:
[state-dump] - num local objects: 0
[state-dump] - num unfulfilled push requests: 0
[state-dump] - num object pull requests: 0
[state-dump] - num chunks received total: 0
[state-dump] - num chunks received failed (all): 0
[state-dump] - num chunks received failed / cancelled: 0
[state-dump] - num chunks received failed / plasma error: 0
[state-dump] Event stats:
[state-dump] Global stats: 0 total (0 active)
[state-dump] Queueing time: mean = -nanms, max = -0.00ms, min = 9223372036854.78ms, total = 0.00ms
[state-dump] Execution time:  mean = -nanms, total = 0.00ms
[state-dump] Event stats:
[state-dump] PushManager:
[state-dump] - num pushes remaining: 0
[state-dump] - num chunks in flight: 0
[state-dump] - num chunks remaining: 0
[state-dump] - max chunks allowed: 409
[state-dump] OwnershipBasedObjectDirectory:
[state-dump] - num listeners: 0
[state-dump] - cumulative location updates: 0
[state-dump] - num location updates per second: 0.000
[state-dump] - num location lookups per second: 0.000
[state-dump] - num locations added per second: 0.000
[state-dump] - num locations removed per second: 0.000
[state-dump] BufferPool:
[state-dump] - create buffer state map size: 0
[state-dump] PullManager:
[state-dump] - num bytes available for pulled objects: 9663613747
[state-dump] - num bytes being pulled (all): 0
[state-dump] - num bytes being pulled / pinned: 0
[state-dump] - get request bundles: BundlePullRequestQueue{0 total, 0 active, 0 inactive, 0 unpullable}
[state-dump] - wait request bundles: BundlePullRequestQueue{0 total, 0 active, 0 inactive, 0 unpullable}
[state-dump] - task request bundles: BundlePullRequestQueue{0 total, 0 active, 0 inactive, 0 unpullable}
[state-dump] - first get request bundle: N/A
[state-dump] - first wait request bundle: N/A
[state-dump] - first task request bundle: N/A
[state-dump] - num objects queued: 0
[state-dump] - num objects actively pulled (all): 0
[state-dump] - num objects actively pulled / pinned: 0
[state-dump] - num bundles being pulled: 0
[state-dump] - num pull retries: 0
[state-dump] - max timeout seconds: 0
[state-dump] - max timeout request is already processed. No entry.
[state-dump] 
[state-dump] WorkerPool:
[state-dump] - registered jobs: 1
[state-dump] - process_failed_job_config_missing: 0
[state-dump] - process_failed_rate_limited: 0
[state-dump] - process_failed_pending_registration: 0
[state-dump] - process_failed_runtime_env_setup_failed: 0
[state-dump] - num PYTHON workers: 112
[state-dump] - num PYTHON drivers: 1
[state-dump] - num PYTHON pending start requests: 0
[state-dump] - num PYTHON pending registration requests: 0
[state-dump] - num object spill callbacks queued: 0
[state-dump] - num object restore queued: 0
[state-dump] - num util functions queued: 0
[state-dump] - num JAVA workers: 0
[state-dump] - num JAVA drivers: 0
[state-dump] - num JAVA pending start requests: 0
[state-dump] - num JAVA pending registration requests: 0
[state-dump] - num object spill callbacks queued: 0
[state-dump] - num object restore queued: 0
[state-dump] - num util functions queued: 0
[state-dump] - num idle workers: 111
[state-dump] LeaseDependencyManager:
[state-dump] - lease deps map size: 0
[state-dump] - get req map size: 0
[state-dump] - wait req map size: 0
[state-dump] - local objects map size: 0
[state-dump] WaitManager:
[state-dump] - num active wait requests: 0
[state-dump] Subscriber:
[state-dump] Channel WORKER_REF_REMOVED_CHANNEL
[state-dump] - cumulative subscribe requests: 0
[state-dump] - cumulative unsubscribe requests: 0
[state-dump] - active subscribed publishers: 0
[state-dump] - cumulative published messages: 0
[state-dump] - cumulative processed messages: 0
[state-dump] Channel WORKER_OBJECT_EVICTION
[state-dump] - cumulative subscribe requests: 0
[state-dump] - cumulative unsubscribe requests: 0
[state-dump] - active subscribed publishers: 0
[state-dump] - cumulative published messages: 0
[state-dump] - cumulative processed messages: 0
[state-dump] Channel WORKER_OBJECT_LOCATIONS_CHANNEL
[state-dump] - cumulative subscribe requests: 0
[state-dump] - cumulative unsubscribe requests: 0
[state-dump] - active subscribed publishers: 0
[state-dump] - cumulative published messages: 0
[state-dump] - cumulative processed messages: 0
[state-dump] num async plasma notifications: 0
[state-dump] Event stats:
[state-dump] Global stats: 33895 total (129 active)
[state-dump] Queueing time: mean = 1.38ms, max = 8965.82ms, min = -0.03ms, total = 46810.16ms
[state-dump] Execution time:  mean = 0.33ms, total = 11045.79ms
[state-dump] Event stats:
[state-dump] 	NodeManagerService.grpc_server.ReportWorkerBacklog - 13448 total (0 active), Execution time: mean = 0.29ms, total = 3966.32ms, Queueing time: mean = 0.00ms, max = -0.00ms, min = 9223372036854.78ms, total = 0.00ms
[state-dump] 	NodeManagerService.grpc_server.ReportWorkerBacklog.HandleRequestImpl - 13448 total (0 active), Execution time: mean = 0.06ms, total = 847.77ms, Queueing time: mean = 0.04ms, max = 3.29ms, min = 0.00ms, total = 521.16ms
[state-dump] 	NodeManager.CheckGC - 1195 total (1 active), Execution time: mean = 0.00ms, total = 4.31ms, Queueing time: mean = 0.46ms, max = 454.44ms, min = 0.00ms, total = 550.13ms
[state-dump] 	ObjectManager.UpdateAvailableMemory - 1195 total (0 active), Execution time: mean = 0.00ms, total = 4.18ms, Queueing time: mean = 0.02ms, max = 2.23ms, min = 0.01ms, total = 27.22ms
[state-dump] 	RaySyncer.OnDemandBroadcasting - 1195 total (1 active), Execution time: mean = 0.01ms, total = 15.42ms, Queueing time: mean = 0.45ms, max = 454.43ms, min = 0.00ms, total = 540.82ms
[state-dump] 	RayletWorkerPool.deadline_timer.kill_idle_workers - 598 total (1 active), Execution time: mean = 0.03ms, total = 19.25ms, Queueing time: mean = 0.70ms, max = 370.90ms, min = 0.00ms, total = 420.18ms
[state-dump] 	MemoryMonitor.CheckIsMemoryUsageAboveThreshold - 475 total (1 active), Execution time: mean = 2.27ms, total = 1079.86ms, Queueing time: mean = 0.84ms, max = 320.99ms, min = 0.00ms, total = 399.34ms
[state-dump] 	ClientConnection.async_read.ProcessMessageHeader - 458 total (113 active), Execution time: mean = 0.00ms, total = 1.64ms, Queueing time: mean = 30.42ms, max = 8965.82ms, min = 0.01ms, total = 13930.10ms
[state-dump] 	ClientConnection.async_read.ProcessMessage - 345 total (0 active), Execution time: mean = 1.57ms, total = 540.77ms, Queueing time: mean = 0.07ms, max = 1.51ms, min = 0.00ms, total = 23.79ms
[state-dump] 	NodeManagerService.grpc_server.GetResourceLoad - 120 total (0 active), Execution time: mean = 0.85ms, total = 101.88ms, Queueing time: mean = 0.00ms, max = -0.00ms, min = 9223372036854.78ms, total = 0.00ms
[state-dump] 	NodeManager.deadline_timer.flush_free_objects - 120 total (1 active), Execution time: mean = 0.01ms, total = 0.61ms, Queueing time: mean = 0.17ms, max = 3.57ms, min = 0.00ms, total = 20.20ms
[state-dump] 	NodeManager.deadline_timer.spill_objects_when_over_threshold - 120 total (1 active), Execution time: mean = 0.00ms, total = 0.44ms, Queueing time: mean = 0.17ms, max = 3.57ms, min = 0.00ms, total = 20.35ms
[state-dump] 	NodeManager.ScheduleAndGrantLeases - 120 total (1 active), Execution time: mean = 0.03ms, total = 3.46ms, Queueing time: mean = 0.04ms, max = 1.37ms, min = 0.00ms, total = 5.10ms
[state-dump] 	NodeManager.CheckForUnexpectedWorkerDisconnects - 120 total (1 active), Execution time: mean = 0.14ms, total = 16.46ms, Queueing time: mean = 0.02ms, max = 0.06ms, min = 0.00ms, total = 2.46ms
[state-dump] 	NodeManagerService.grpc_server.GetResourceLoad.HandleRequestImpl - 120 total (0 active), Execution time: mean = 0.12ms, total = 14.08ms, Queueing time: mean = 0.49ms, max = 56.78ms, min = 0.01ms, total = 59.26ms
[state-dump] 	ClientConnection.async_write.DoAsyncWrites - 115 total (0 active), Execution time: mean = 0.00ms, total = 0.09ms, Queueing time: mean = 0.03ms, max = 0.32ms, min = 0.01ms, total = 3.70ms
[state-dump] 	NodeManagerService.grpc_server.GetSystemConfig - 114 total (0 active), Execution time: mean = 1.09ms, total = 124.00ms, Queueing time: mean = 0.00ms, max = -0.00ms, min = 9223372036854.78ms, total = 0.00ms
[state-dump] 	NodeManagerService.grpc_server.GetSystemConfig.HandleRequestImpl - 114 total (0 active), Execution time: mean = 0.05ms, total = 6.19ms, Queueing time: mean = 0.83ms, max = 67.94ms, min = 0.00ms, total = 94.80ms
[state-dump] 	ObjectManager.ObjectAdded - 114 total (0 active), Execution time: mean = 0.01ms, total = 0.89ms, Queueing time: mean = 0.15ms, max = 4.69ms, min = 0.00ms, total = 17.34ms
[state-dump] 	ObjectManager.ObjectDeleted - 114 total (0 active), Execution time: mean = 0.01ms, total = 1.45ms, Queueing time: mean = 0.12ms, max = 0.97ms, min = 0.01ms, total = 13.54ms
[state-dump] 	ClusterResourceManager.ResetRemoteNodeView - 41 total (1 active), Execution time: mean = 0.01ms, total = 0.32ms, Queueing time: mean = 0.03ms, max = 0.07ms, min = 0.01ms, total = 1.09ms
[state-dump] 	ReporterService.grpc_client.HealthCheck.OnReplyReceived - 31 total (0 active), Execution time: mean = 0.07ms, total = 2.15ms, Queueing time: mean = 0.03ms, max = 0.05ms, min = 0.01ms, total = 0.81ms
[state-dump] 	ReporterService.grpc_client.HealthCheck - 31 total (0 active), Execution time: mean = 0.35ms, total = 10.95ms, Queueing time: mean = 0.00ms, max = -0.00ms, min = 9223372036854.78ms, total = 0.00ms
[state-dump] 	MetricsAgentClient.WaitForServerReadyWithRetry - 30 total (0 active), Execution time: mean = 0.22ms, total = 6.51ms, Queueing time: mean = 1000.04ms, max = 1000.65ms, min = 1000.01ms, total = 30001.32ms
[state-dump] 	NodeManager.deadline_timer.record_metrics - 24 total (1 active), Execution time: mean = 0.33ms, total = 8.03ms, Queueing time: mean = 0.53ms, max = 3.28ms, min = 0.01ms, total = 12.62ms
[state-dump] 	event_loop_lag_probe - 14 total (0 active), Execution time: mean = 0.02ms, total = 0.26ms, Queueing time: mean = 0.57ms, max = 7.83ms, min = 0.00ms, total = 7.93ms
[state-dump] 	PeriodicalRunner.RunFnPeriodically - 14 total (0 active), Execution time: mean = 0.20ms, total = 2.78ms, Queueing time: mean = 9.42ms, max = 30.52ms, min = 0.06ms, total = 131.82ms
[state-dump] 	NodeManager.deadline_timer.debug_state_dump - 12 total (1 active), Execution time: mean = 1.67ms, total = 19.99ms, Queueing time: mean = 0.01ms, max = 0.04ms, min = -0.03ms, total = 0.16ms
[state-dump] 	RaySyncer.BroadcastMessage - 5 total (0 active), Execution time: mean = 0.17ms, total = 0.86ms, Queueing time: mean = 0.00ms, max = 0.00ms, min = 0.00ms, total = 0.00ms
[state-dump] 	 - 5 total (0 active), Execution time: mean = 0.00ms, total = 0.00ms, Queueing time: mean = 0.02ms, max = 0.04ms, min = 0.01ms, total = 0.11ms
[state-dump] 	ray::rpc::InternalPubSubGcsService.grpc_client.GcsSubscriberPoll - 3 total (1 active), Execution time: mean = 1004.63ms, total = 3013.88ms, Queueing time: mean = 0.00ms, max = -0.00ms, min = 9223372036854.78ms, total = 0.00ms
[state-dump] 	NodeManager.GcsCheckAlive - 2 total (1 active), Execution time: mean = 0.14ms, total = 0.28ms, Queueing time: mean = 1.23ms, max = 2.45ms, min = 2.45ms, total = 2.45ms
[state-dump] 	NodeManager.deadline_timer.print_event_loop_stats - 2 total (1 active, 1 running), Execution time: mean = 1.26ms, total = 2.52ms, Queueing time: mean = 0.01ms, max = 0.02ms, min = 0.02ms, total = 0.02ms
[state-dump] 	NodeManagerService.grpc_server.RequestWorkerLease - 2 total (1 active), Execution time: mean = 573.55ms, total = 1147.10ms, Queueing time: mean = 0.00ms, max = -0.00ms, min = 9223372036854.78ms, total = 0.00ms
[state-dump] 	ray::rpc::NodeInfoGcsService.grpc_client.CheckAlive.OnReplyReceived - 2 total (0 active), Execution time: mean = 0.03ms, total = 0.06ms, Queueing time: mean = 0.02ms, max = 0.03ms, min = 0.01ms, total = 0.04ms
[state-dump] 	ray::rpc::NodeInfoGcsService.grpc_client.CheckAlive - 2 total (0 active), Execution time: mean = 0.92ms, total = 1.85ms, Queueing time: mean = 0.00ms, max = -0.00ms, min = 9223372036854.78ms, total = 0.00ms
[state-dump] 	NodeManagerService.grpc_server.RequestWorkerLease.HandleRequestImpl - 2 total (0 active), Execution time: mean = 0.21ms, total = 0.42ms, Queueing time: mean = 0.02ms, max = 0.02ms, min = 0.01ms, total = 0.03ms
[state-dump] 	ray::rpc::InternalPubSubGcsService.grpc_client.GcsSubscriberCommandBatch - 2 total (0 active), Execution time: mean = 0.92ms, total = 1.84ms, Queueing time: mean = 0.00ms, max = -0.00ms, min = 9223372036854.78ms, total = 0.00ms
[state-dump] 	ray::rpc::InternalPubSubGcsService.grpc_client.GcsSubscriberPoll.OnReplyReceived - 2 total (0 active), Execution time: mean = 0.25ms, total = 0.50ms, Queueing time: mean = 0.09ms, max = 0.11ms, min = 0.07ms, total = 0.18ms
[state-dump] 	RaySyncerRegister - 2 total (0 active), Execution time: mean = 0.00ms, total = 0.01ms, Queueing time: mean = 0.00ms, max = 0.00ms, min = 0.00ms, total = 0.00ms
[state-dump] 	ray::rpc::InternalPubSubGcsService.grpc_client.GcsSubscriberCommandBatch.OnReplyReceived - 2 total (0 active), Execution time: mean = 0.11ms, total = 0.21ms, Queueing time: mean = 0.71ms, max = 1.28ms, min = 0.15ms, total = 1.43ms
[state-dump] 	ray::rpc::NodeInfoGcsService.grpc_client.GetAllNodeAddressAndLiveness - 1 total (0 active), Execution time: mean = 0.94ms, total = 0.94ms, Queueing time: mean = 0.00ms, max = -0.00ms, min = 9223372036854.78ms, total = 0.00ms
[state-dump] 	Subscriber.HandlePublishedMessage_GCS_JOB_CHANNEL - 1 total (0 active), Execution time: mean = 0.07ms, total = 0.07ms, Queueing time: mean = 0.24ms, max = 0.24ms, min = 0.24ms, total = 0.24ms
[state-dump] 	Subscriber.HandlePublishedMessage_GCS_WORKER_DELTA_CHANNEL - 1 total (0 active), Execution time: mean = 0.01ms, total = 0.01ms, Queueing time: mean = 0.26ms, max = 0.26ms, min = 0.26ms, total = 0.26ms
[state-dump] 	ray::rpc::WorkerInfoGcsService.grpc_client.ReportWorkerFailure - 1 total (0 active), Execution time: mean = 3.22ms, total = 3.22ms, Queueing time: mean = 0.00ms, max = -0.00ms, min = 9223372036854.78ms, total = 0.00ms
[state-dump] 	ray::rpc::NodeInfoGcsService.grpc_client.RegisterNode.OnReplyReceived - 1 total (0 active), Execution time: mean = 0.28ms, total = 0.28ms, Queueing time: mean = 0.01ms, max = 0.01ms, min = 0.01ms, total = 0.01ms
[state-dump] 	CoreWorkerService.grpc_client.Exit - 1 total (0 active), Execution time: mean = 1.83ms, total = 1.83ms, Queueing time: mean = 0.00ms, max = -0.00ms, min = 9223372036854.78ms, total = 0.00ms
[state-dump] 	CoreWorkerService.grpc_client.Exit.OnReplyReceived - 1 total (0 active), Execution time: mean = 0.04ms, total = 0.04ms, Queueing time: mean = 0.02ms, max = 0.02ms, min = 0.02ms, total = 0.02ms
[state-dump] 	ray::rpc::JobInfoGcsService.grpc_client.GetAllJobInfo.OnReplyReceived - 1 total (0 active), Execution time: mean = 0.01ms, total = 0.01ms, Queueing time: mean = 0.01ms, max = 0.01ms, min = 0.01ms, total = 0.01ms
[state-dump] 	ray::rpc::JobInfoGcsService.grpc_client.GetAllJobInfo - 1 total (0 active), Execution time: mean = 0.71ms, total = 0.71ms, Queueing time: mean = 0.00ms, max = -0.00ms, min = 9223372036854.78ms, total = 0.00ms
[state-dump] 	ray::rpc::JobInfoGcsService.grpc_client.AddJob.OnReplyReceived - 1 total (0 active), Execution time: mean = 0.07ms, total = 0.07ms, Queueing time: mean = 0.02ms, max = 0.02ms, min = 0.02ms, total = 0.02ms
[state-dump] 	ray::rpc::InternalKVGcsService.grpc_client.GetInternalConfig.OnReplyReceived - 1 total (0 active), Execution time: mean = 64.98ms, total = 64.98ms, Queueing time: mean = 0.02ms, max = 0.02ms, min = 0.02ms, total = 0.02ms
[state-dump] 	NodeManager.GCTaskFailureReason - 1 total (1 active), Execution time: mean = 0.00ms, total = 0.00ms, Queueing time: mean = 0.00ms, max = -0.00ms, min = 9223372036854.78ms, total = 0.00ms
[state-dump] 	ray::rpc::NodeInfoGcsService.grpc_client.GetAllNodeAddressAndLiveness.OnReplyReceived - 1 total (0 active), Execution time: mean = 0.15ms, total = 0.15ms, Queueing time: mean = 0.01ms, max = 0.01ms, min = 0.01ms, total = 0.01ms
[state-dump] 	ray::rpc::NodeInfoGcsService.grpc_client.RegisterNode - 1 total (0 active), Execution time: mean = 1.31ms, total = 1.31ms, Queueing time: mean = 0.00ms, max = -0.00ms, min = 9223372036854.78ms, total = 0.00ms
[state-dump] 	ray::rpc::WorkerInfoGcsService.grpc_client.ReportWorkerFailure.OnReplyReceived - 1 total (0 active), Execution time: mean = 0.04ms, total = 0.04ms, Queueing time: mean = 0.03ms, max = 0.03ms, min = 0.03ms, total = 0.03ms
[state-dump] 	ray::rpc::JobInfoGcsService.grpc_client.AddJob - 1 total (0 active), Execution time: mean = 1.08ms, total = 1.08ms, Queueing time: mean = 0.00ms, max = -0.00ms, min = 9223372036854.78ms, total = 0.00ms
[state-dump] 	ray::rpc::InternalKVGcsService.grpc_client.GetInternalConfig - 1 total (0 active), Execution time: mean = 1.46ms, total = 1.46ms, Queueing time: mean = 0.00ms, max = -0.00ms, min = 9223372036854.78ms, total = 0.00ms
[state-dump] DebugString() time ms: 1
[state-dump] 
[state-dump] 
[2026-01-08 10:26:53,043 E 233901 233929] (raylet) file_system_monitor.cc:116: /app/ray_tmp/ray/session_2026-01-08_10-24-49_500606_233590 is over 95% full, available space: 6.28589 GB; capacity: 3517.78 GB. Object creation will fail if spilling is required.
[2026-01-08 10:27:03,051 E 233901 233929] (raylet) file_system_monitor.cc:116: /app/ray_tmp/ray/session_2026-01-08_10-24-49_500606_233590 is over 95% full, available space: 6.28502 GB; capacity: 3517.78 GB. Object creation will fail if spilling is required.
[2026-01-08 10:27:13,059 E 233901 233929] (raylet) file_system_monitor.cc:116: /app/ray_tmp/ray/session_2026-01-08_10-24-49_500606_233590 is over 95% full, available space: 6.28501 GB; capacity: 3517.78 GB. Object creation will fail if spilling is required.
[2026-01-08 10:27:23,069 E 233901 233929] (raylet) file_system_monitor.cc:116: /app/ray_tmp/ray/session_2026-01-08_10-24-49_500606_233590 is over 95% full, available space: 6.285 GB; capacity: 3517.78 GB. Object creation will fail if spilling is required.
[2026-01-08 10:27:33,081 E 233901 233929] (raylet) file_system_monitor.cc:116: /app/ray_tmp/ray/session_2026-01-08_10-24-49_500606_233590 is over 95% full, available space: 6.28491 GB; capacity: 3517.78 GB. Object creation will fail if spilling is required.
[2026-01-08 10:27:43,092 E 233901 233929] (raylet) file_system_monitor.cc:116: /app/ray_tmp/ray/session_2026-01-08_10-24-49_500606_233590 is over 95% full, available space: 6.2849 GB; capacity: 3517.78 GB. Object creation will fail if spilling is required.
[2026-01-08 10:27:52,924 I 233901 233924] (raylet) store.cc:572: Plasma store debug dump: 
Current usage: 0 / 9.66361 GB
- num bytes created total: 912
0 pending objects of total size 0MB
- objects spillable: 0
- bytes spillable: 0
- objects unsealed: 0
- bytes unsealed: 0
- objects in use: 0
- bytes in use: 0
- objects evictable: 0
- bytes evictable: 0

- objects created by worker: 0
- bytes created by worker: 0
- objects restored: 0
- bytes restored: 0
- objects received: 0
- bytes received: 0
- objects errored: 0
- bytes errored: 0

[2026-01-08 10:27:52,997 I 233901 233901] (raylet) node_manager.cc:432: [state-dump] NodeManager:
[state-dump] Node ID: 45fc29cae7a687bb7d03accece0dedb168e198c9240dab334f96c543
[state-dump] Node name: 192.168.88.6
[state-dump] InitialConfigResources: {node:__internal_head__: 1, CPU: 112, memory: 5.25876e+11, object_store_memory: 1.02005e+10, node:192.168.88.6: 1}
[state-dump] ClusterLeaseManager:
[state-dump] ========== Node: 45fc29cae7a687bb7d03accece0dedb168e198c9240dab334f96c543 =================
[state-dump] Infeasible queue length: 1
[state-dump] Schedule queue length: 0
[state-dump] Grant queue length: 0
[state-dump] num_waiting_for_resource: 0
[state-dump] num_waiting_for_plasma_memory: 0
[state-dump] num_waiting_for_remote_node_resources: 0
[state-dump] num_worker_not_started_by_job_config_not_exist: 0
[state-dump] num_worker_not_started_by_registration_timeout: 0
[state-dump] num_tasks_waiting_for_workers: 0
[state-dump] num_cancelled_leases: 0
[state-dump] cluster_resource_scheduler state: 
[state-dump] Local id: -4622768318049823710 Local resources: {"total":{memory: [5258759337980000], object_store_memory: [102004811770000], node:192.168.88.6: [10000], node:__internal_head__: [10000], CPU: [1120000]}}, "available": {memory: [5258759337980000], object_store_memory: [102004811770000], node:192.168.88.6: [10000], node:__internal_head__: [10000], CPU: [1120000]}}, "labels":{"ray.io/node-id":"45fc29cae7a687bb7d03accece0dedb168e198c9240dab334f96c543",} is_draining: 0 is_idle: 0 Cluster resources (at most 20 nodes are shown): node id: -4622768318049823710{"total":{CPU: 1120000, node:192.168.88.6: 10000, object_store_memory: 102004811770000, node:__internal_head__: 10000, memory: 5258759337980000}}, "available": {node:__internal_head__: 10000, node:192.168.88.6: 10000, object_store_memory: 102004811770000, CPU: 1120000, memory: 5258759337980000}}, "labels":{"ray.io/node-id":"45fc29cae7a687bb7d03accece0dedb168e198c9240dab334f96c543",}, "is_draining": 0, "draining_deadline_timestamp_ms": -1} { "placement group locations": [], "node to bundles": []}
[state-dump] Waiting leases size: 0
[state-dump] Number of granted lease arguments: 1
[state-dump] Number of pinned lease arguments: 0
[state-dump] Number of total spilled leases: 0
[state-dump] Number of spilled waiting leases: 0
[state-dump] Number of spilled unschedulable leases: 0
[state-dump] Resource usage {
[state-dump] }
[state-dump] Backlog Size per scheduling descriptor :{workerId: num backlogs}:
[state-dump] 
[state-dump] Granted leases by scheduling class:
[state-dump]     - {depth=1 function_descriptor={type=PythonFunctionDescriptor, module_name=main_ppo, class_name=, function_name=main_task, function_hash=f7f020ef698c47cd8634a8a2b58312a7} scheduling_strategy=default_scheduling_strategy {
[state-dump] }
[state-dump]  resource_set={CPU : 1, }label_selector={}}fallback_strategy=[]: 1/112
[state-dump] ==================================================
[state-dump] 
[state-dump] ClusterResources:
[state-dump] LocalObjectManager:
[state-dump] - num pinned objects: 0
[state-dump] - pinned objects size: 0
[state-dump] - num objects pending restore: 0
[state-dump] - num objects pending spill: 0
[state-dump] - num bytes pending spill: 0
[state-dump] - num bytes currently spilled: 0
[state-dump] - cumulative spill requests: 0
[state-dump] - cumulative restore requests: 0
[state-dump] - spilled objects pending delete: 0
[state-dump] 
[state-dump] ObjectManager:
[state-dump] - num local objects: 0
[state-dump] - num unfulfilled push requests: 0
[state-dump] - num object pull requests: 0
[state-dump] - num chunks received total: 0
[state-dump] - num chunks received failed (all): 0
[state-dump] - num chunks received failed / cancelled: 0
[state-dump] - num chunks received failed / plasma error: 0
[state-dump] Event stats:
[state-dump] Global stats: 0 total (0 active)
[state-dump] Queueing time: mean = -nanms, max = -0.00ms, min = 9223372036854.78ms, total = 0.00ms
[state-dump] Execution time:  mean = -nanms, total = 0.00ms
[state-dump] Event stats:
[state-dump] PushManager:
[state-dump] - num pushes remaining: 0
[state-dump] - num chunks in flight: 0
[state-dump] - num chunks remaining: 0
[state-dump] - max chunks allowed: 409
[state-dump] OwnershipBasedObjectDirectory:
[state-dump] - num listeners: 0
[state-dump] - cumulative location updates: 0
[state-dump] - num location updates per second: 0.000
[state-dump] - num location lookups per second: 0.000
[state-dump] - num locations added per second: 0.000
[state-dump] - num locations removed per second: 0.000
[state-dump] BufferPool:
[state-dump] - create buffer state map size: 0
[state-dump] PullManager:
[state-dump] - num bytes available for pulled objects: 9663613747
[state-dump] - num bytes being pulled (all): 0
[state-dump] - num bytes being pulled / pinned: 0
[state-dump] - get request bundles: BundlePullRequestQueue{0 total, 0 active, 0 inactive, 0 unpullable}
[state-dump] - wait request bundles: BundlePullRequestQueue{0 total, 0 active, 0 inactive, 0 unpullable}
[state-dump] - task request bundles: BundlePullRequestQueue{0 total, 0 active, 0 inactive, 0 unpullable}
[state-dump] - first get request bundle: N/A
[state-dump] - first wait request bundle: N/A
[state-dump] - first task request bundle: N/A
[state-dump] - num objects queued: 0
[state-dump] - num objects actively pulled (all): 0
[state-dump] - num objects actively pulled / pinned: 0
[state-dump] - num bundles being pulled: 0
[state-dump] - num pull retries: 0
[state-dump] - max timeout seconds: 0
[state-dump] - max timeout request is already processed. No entry.
[state-dump] 
[state-dump] WorkerPool:
[state-dump] - registered jobs: 1
[state-dump] - process_failed_job_config_missing: 0
[state-dump] - process_failed_rate_limited: 0
[state-dump] - process_failed_pending_registration: 0
[state-dump] - process_failed_runtime_env_setup_failed: 0
[state-dump] - num PYTHON workers: 112
[state-dump] - num PYTHON drivers: 1
[state-dump] - num PYTHON pending start requests: 0
[state-dump] - num PYTHON pending registration requests: 0
[state-dump] - num object spill callbacks queued: 0
[state-dump] - num object restore queued: 0
[state-dump] - num util functions queued: 0
[state-dump] - num JAVA workers: 0
[state-dump] - num JAVA drivers: 0
[state-dump] - num JAVA pending start requests: 0
[state-dump] - num JAVA pending registration requests: 0
[state-dump] - num object spill callbacks queued: 0
[state-dump] - num object restore queued: 0
[state-dump] - num util functions queued: 0
[state-dump] - num idle workers: 111
[state-dump] LeaseDependencyManager:
[state-dump] - lease deps map size: 0
[state-dump] - get req map size: 0
[state-dump] - wait req map size: 0
[state-dump] - local objects map size: 0
[state-dump] WaitManager:
[state-dump] - num active wait requests: 0
[state-dump] Subscriber:
[state-dump] Channel WORKER_REF_REMOVED_CHANNEL
[state-dump] - cumulative subscribe requests: 0
[state-dump] - cumulative unsubscribe requests: 0
[state-dump] - active subscribed publishers: 0
[state-dump] - cumulative published messages: 0
[state-dump] - cumulative processed messages: 0
[state-dump] Channel WORKER_OBJECT_EVICTION
[state-dump] - cumulative subscribe requests: 0
[state-dump] - cumulative unsubscribe requests: 0
[state-dump] - active subscribed publishers: 0
[state-dump] - cumulative published messages: 0
[state-dump] - cumulative processed messages: 0
[state-dump] Channel WORKER_OBJECT_LOCATIONS_CHANNEL
[state-dump] - cumulative subscribe requests: 0
[state-dump] - cumulative unsubscribe requests: 0
[state-dump] - active subscribed publishers: 0
[state-dump] - cumulative published messages: 0
[state-dump] - cumulative processed messages: 0
[state-dump] num async plasma notifications: 0
[state-dump] Event stats:
[state-dump] Global stats: 50198 total (129 active)
[state-dump] Queueing time: mean = 0.94ms, max = 8965.82ms, min = -0.03ms, total = 47209.88ms
[state-dump] Execution time:  mean = 0.28ms, total = 14189.49ms
[state-dump] Event stats:
[state-dump] 	NodeManagerService.grpc_server.ReportWorkerBacklog - 20227 total (0 active), Execution time: mean = 0.30ms, total = 6035.52ms, Queueing time: mean = 0.00ms, max = -0.00ms, min = 9223372036854.78ms, total = 0.00ms
[state-dump] 	NodeManagerService.grpc_server.ReportWorkerBacklog.HandleRequestImpl - 20227 total (0 active), Execution time: mean = 0.06ms, total = 1292.48ms, Queueing time: mean = 0.04ms, max = 3.29ms, min = 0.00ms, total = 788.13ms
[state-dump] 	NodeManager.CheckGC - 1795 total (1 active), Execution time: mean = 0.00ms, total = 6.48ms, Queueing time: mean = 0.33ms, max = 454.44ms, min = 0.00ms, total = 585.31ms
[state-dump] 	RaySyncer.OnDemandBroadcasting - 1795 total (1 active), Execution time: mean = 0.01ms, total = 23.71ms, Queueing time: mean = 0.32ms, max = 454.43ms, min = 0.00ms, total = 571.10ms
[state-dump] 	ObjectManager.UpdateAvailableMemory - 1795 total (0 active), Execution time: mean = 0.00ms, total = 6.34ms, Queueing time: mean = 0.02ms, max = 2.23ms, min = 0.01ms, total = 39.51ms
[state-dump] 	RayletWorkerPool.deadline_timer.kill_idle_workers - 898 total (1 active), Execution time: mean = 0.03ms, total = 28.83ms, Queueing time: mean = 0.48ms, max = 370.90ms, min = 0.00ms, total = 429.23ms
[state-dump] 	MemoryMonitor.CheckIsMemoryUsageAboveThreshold - 712 total (1 active), Execution time: mean = 2.29ms, total = 1628.18ms, Queueing time: mean = 0.57ms, max = 320.99ms, min = -0.01ms, total = 405.07ms
[state-dump] 	ClientConnection.async_read.ProcessMessageHeader - 458 total (113 active), Execution time: mean = 0.00ms, total = 1.64ms, Queueing time: mean = 30.42ms, max = 8965.82ms, min = 0.01ms, total = 13930.10ms
[state-dump] 	ClientConnection.async_read.ProcessMessage - 345 total (0 active), Execution time: mean = 1.57ms, total = 540.77ms, Queueing time: mean = 0.07ms, max = 1.51ms, min = 0.00ms, total = 23.79ms
[state-dump] 	NodeManagerService.grpc_server.GetResourceLoad.HandleRequestImpl - 180 total (0 active), Execution time: mean = 0.12ms, total = 21.31ms, Queueing time: mean = 0.34ms, max = 56.78ms, min = 0.01ms, total = 61.44ms
[state-dump] 	NodeManager.deadline_timer.flush_free_objects - 180 total (1 active), Execution time: mean = 0.00ms, total = 0.90ms, Queueing time: mean = 0.17ms, max = 3.57ms, min = 0.00ms, total = 30.82ms
[state-dump] 	NodeManager.CheckForUnexpectedWorkerDisconnects - 180 total (1 active), Execution time: mean = 0.14ms, total = 25.72ms, Queueing time: mean = 0.04ms, max = 2.51ms, min = 0.00ms, total = 7.94ms
[state-dump] 	NodeManagerService.grpc_server.GetResourceLoad - 180 total (0 active), Execution time: mean = 0.69ms, total = 124.67ms, Queueing time: mean = 0.00ms, max = -0.00ms, min = 9223372036854.78ms, total = 0.00ms
[state-dump] 	NodeManager.ScheduleAndGrantLeases - 180 total (1 active), Execution time: mean = 0.03ms, total = 5.25ms, Queueing time: mean = 0.04ms, max = 1.37ms, min = 0.00ms, total = 7.83ms
[state-dump] 	NodeManager.deadline_timer.spill_objects_when_over_threshold - 180 total (1 active), Execution time: mean = 0.00ms, total = 0.66ms, Queueing time: mean = 0.17ms, max = 3.57ms, min = 0.00ms, total = 31.02ms
[state-dump] 	ClientConnection.async_write.DoAsyncWrites - 115 total (0 active), Execution time: mean = 0.00ms, total = 0.09ms, Queueing time: mean = 0.03ms, max = 0.32ms, min = 0.01ms, total = 3.70ms
[state-dump] 	ObjectManager.ObjectDeleted - 114 total (0 active), Execution time: mean = 0.01ms, total = 1.45ms, Queueing time: mean = 0.12ms, max = 0.97ms, min = 0.01ms, total = 13.54ms
[state-dump] 	NodeManagerService.grpc_server.GetSystemConfig - 114 total (0 active), Execution time: mean = 1.09ms, total = 124.00ms, Queueing time: mean = 0.00ms, max = -0.00ms, min = 9223372036854.78ms, total = 0.00ms
[state-dump] 	NodeManagerService.grpc_server.GetSystemConfig.HandleRequestImpl - 114 total (0 active), Execution time: mean = 0.05ms, total = 6.19ms, Queueing time: mean = 0.83ms, max = 67.94ms, min = 0.00ms, total = 94.80ms
[state-dump] 	ObjectManager.ObjectAdded - 114 total (0 active), Execution time: mean = 0.01ms, total = 0.89ms, Queueing time: mean = 0.15ms, max = 4.69ms, min = 0.00ms, total = 17.34ms
[state-dump] 	ClusterResourceManager.ResetRemoteNodeView - 61 total (1 active), Execution time: mean = 0.01ms, total = 0.46ms, Queueing time: mean = 0.03ms, max = 0.07ms, min = 0.01ms, total = 1.60ms
[state-dump] 	NodeManager.deadline_timer.record_metrics - 36 total (1 active), Execution time: mean = 0.34ms, total = 12.18ms, Queueing time: mean = 0.51ms, max = 3.28ms, min = 0.01ms, total = 18.30ms
[state-dump] 	ReporterService.grpc_client.HealthCheck.OnReplyReceived - 31 total (0 active), Execution time: mean = 0.07ms, total = 2.15ms, Queueing time: mean = 0.03ms, max = 0.05ms, min = 0.01ms, total = 0.81ms
[state-dump] 	ReporterService.grpc_client.HealthCheck - 31 total (0 active), Execution time: mean = 0.35ms, total = 10.95ms, Queueing time: mean = 0.00ms, max = -0.00ms, min = 9223372036854.78ms, total = 0.00ms
[state-dump] 	MetricsAgentClient.WaitForServerReadyWithRetry - 30 total (0 active), Execution time: mean = 0.22ms, total = 6.51ms, Queueing time: mean = 1000.04ms, max = 1000.65ms, min = 1000.01ms, total = 30001.32ms
[state-dump] 	event_loop_lag_probe - 20 total (0 active), Execution time: mean = 0.02ms, total = 0.37ms, Queueing time: mean = 0.40ms, max = 7.83ms, min = 0.00ms, total = 7.98ms
[state-dump] 	NodeManager.deadline_timer.debug_state_dump - 18 total (1 active), Execution time: mean = 1.65ms, total = 29.68ms, Queueing time: mean = 0.02ms, max = 0.04ms, min = -0.03ms, total = 0.28ms
[state-dump] 	PeriodicalRunner.RunFnPeriodically - 14 total (0 active), Execution time: mean = 0.20ms, total = 2.78ms, Queueing time: mean = 9.42ms, max = 30.52ms, min = 0.06ms, total = 131.82ms
[state-dump] 	 - 5 total (0 active), Execution time: mean = 0.00ms, total = 0.00ms, Queueing time: mean = 0.02ms, max = 0.04ms, min = 0.01ms, total = 0.11ms
[state-dump] 	RaySyncer.BroadcastMessage - 5 total (0 active), Execution time: mean = 0.17ms, total = 0.86ms, Queueing time: mean = 0.00ms, max = 0.00ms, min = 0.00ms, total = 0.00ms
[state-dump] 	ray::rpc::NodeInfoGcsService.grpc_client.CheckAlive.OnReplyReceived - 3 total (0 active), Execution time: mean = 0.03ms, total = 0.10ms, Queueing time: mean = 0.03ms, max = 0.03ms, min = 0.01ms, total = 0.08ms
[state-dump] 	ray::rpc::NodeInfoGcsService.grpc_client.CheckAlive - 3 total (0 active), Execution time: mean = 0.93ms, total = 2.78ms, Queueing time: mean = 0.00ms, max = -0.00ms, min = 9223372036854.78ms, total = 0.00ms
[state-dump] 	ray::rpc::InternalPubSubGcsService.grpc_client.GcsSubscriberPoll - 3 total (1 active), Execution time: mean = 1004.63ms, total = 3013.88ms, Queueing time: mean = 0.00ms, max = -0.00ms, min = 9223372036854.78ms, total = 0.00ms
[state-dump] 	NodeManager.deadline_timer.print_event_loop_stats - 3 total (1 active, 1 running), Execution time: mean = 1.64ms, total = 4.91ms, Queueing time: mean = 0.01ms, max = 0.02ms, min = 0.02ms, total = 0.04ms
[state-dump] 	NodeManager.GcsCheckAlive - 3 total (1 active), Execution time: mean = 0.18ms, total = 0.53ms, Queueing time: mean = 1.53ms, max = 2.45ms, min = 2.13ms, total = 4.59ms
[state-dump] 	ray::rpc::InternalPubSubGcsService.grpc_client.GcsSubscriberCommandBatch.OnReplyReceived - 2 total (0 active), Execution time: mean = 0.11ms, total = 0.21ms, Queueing time: mean = 0.71ms, max = 1.28ms, min = 0.15ms, total = 1.43ms
[state-dump] 	NodeManagerService.grpc_server.RequestWorkerLease.HandleRequestImpl - 2 total (0 active), Execution time: mean = 0.21ms, total = 0.42ms, Queueing time: mean = 0.02ms, max = 0.02ms, min = 0.01ms, total = 0.03ms
[state-dump] 	ray::rpc::InternalPubSubGcsService.grpc_client.GcsSubscriberCommandBatch - 2 total (0 active), Execution time: mean = 0.92ms, total = 1.84ms, Queueing time: mean = 0.00ms, max = -0.00ms, min = 9223372036854.78ms, total = 0.00ms
[state-dump] 	NodeManagerService.grpc_server.RequestWorkerLease - 2 total (1 active), Execution time: mean = 573.55ms, total = 1147.10ms, Queueing time: mean = 0.00ms, max = -0.00ms, min = 9223372036854.78ms, total = 0.00ms
[state-dump] 	ray::rpc::InternalPubSubGcsService.grpc_client.GcsSubscriberPoll.OnReplyReceived - 2 total (0 active), Execution time: mean = 0.25ms, total = 0.50ms, Queueing time: mean = 0.09ms, max = 0.11ms, min = 0.07ms, total = 0.18ms
[state-dump] 	RaySyncerRegister - 2 total (0 active), Execution time: mean = 0.00ms, total = 0.01ms, Queueing time: mean = 0.00ms, max = 0.00ms, min = 0.00ms, total = 0.00ms
[state-dump] 	ray::rpc::JobInfoGcsService.grpc_client.GetAllJobInfo.OnReplyReceived - 1 total (0 active), Execution time: mean = 0.01ms, total = 0.01ms, Queueing time: mean = 0.01ms, max = 0.01ms, min = 0.01ms, total = 0.01ms
[state-dump] 	Subscriber.HandlePublishedMessage_GCS_JOB_CHANNEL - 1 total (0 active), Execution time: mean = 0.07ms, total = 0.07ms, Queueing time: mean = 0.24ms, max = 0.24ms, min = 0.24ms, total = 0.24ms
[state-dump] 	CoreWorkerService.grpc_client.Exit - 1 total (0 active), Execution time: mean = 1.83ms, total = 1.83ms, Queueing time: mean = 0.00ms, max = -0.00ms, min = 9223372036854.78ms, total = 0.00ms
[state-dump] 	ray::rpc::JobInfoGcsService.grpc_client.GetAllJobInfo - 1 total (0 active), Execution time: mean = 0.71ms, total = 0.71ms, Queueing time: mean = 0.00ms, max = -0.00ms, min = 9223372036854.78ms, total = 0.00ms
[state-dump] 	ray::rpc::NodeInfoGcsService.grpc_client.RegisterNode.OnReplyReceived - 1 total (0 active), Execution time: mean = 0.28ms, total = 0.28ms, Queueing time: mean = 0.01ms, max = 0.01ms, min = 0.01ms, total = 0.01ms
[state-dump] 	ray::rpc::NodeInfoGcsService.grpc_client.GetAllNodeAddressAndLiveness - 1 total (0 active), Execution time: mean = 0.94ms, total = 0.94ms, Queueing time: mean = 0.00ms, max = -0.00ms, min = 9223372036854.78ms, total = 0.00ms
[state-dump] 	ray::rpc::WorkerInfoGcsService.grpc_client.ReportWorkerFailure.OnReplyReceived - 1 total (0 active), Execution time: mean = 0.04ms, total = 0.04ms, Queueing time: mean = 0.03ms, max = 0.03ms, min = 0.03ms, total = 0.03ms
[state-dump] 	ray::rpc::InternalKVGcsService.grpc_client.GetInternalConfig.OnReplyReceived - 1 total (0 active), Execution time: mean = 64.98ms, total = 64.98ms, Queueing time: mean = 0.02ms, max = 0.02ms, min = 0.02ms, total = 0.02ms
[state-dump] 	ray::rpc::NodeInfoGcsService.grpc_client.RegisterNode - 1 total (0 active), Execution time: mean = 1.31ms, total = 1.31ms, Queueing time: mean = 0.00ms, max = -0.00ms, min = 9223372036854.78ms, total = 0.00ms
[state-dump] 	ray::rpc::JobInfoGcsService.grpc_client.AddJob.OnReplyReceived - 1 total (0 active), Execution time: mean = 0.07ms, total = 0.07ms, Queueing time: mean = 0.02ms, max = 0.02ms, min = 0.02ms, total = 0.02ms
[state-dump] 	ray::rpc::InternalKVGcsService.grpc_client.GetInternalConfig - 1 total (0 active), Execution time: mean = 1.46ms, total = 1.46ms, Queueing time: mean = 0.00ms, max = -0.00ms, min = 9223372036854.78ms, total = 0.00ms
[state-dump] 	ray::rpc::JobInfoGcsService.grpc_client.AddJob - 1 total (0 active), Execution time: mean = 1.08ms, total = 1.08ms, Queueing time: mean = 0.00ms, max = -0.00ms, min = 9223372036854.78ms, total = 0.00ms
[state-dump] 	ray::rpc::NodeInfoGcsService.grpc_client.GetAllNodeAddressAndLiveness.OnReplyReceived - 1 total (0 active), Execution time: mean = 0.15ms, total = 0.15ms, Queueing time: mean = 0.01ms, max = 0.01ms, min = 0.01ms, total = 0.01ms
[state-dump] 	NodeManager.GCTaskFailureReason - 1 total (1 active), Execution time: mean = 0.00ms, total = 0.00ms, Queueing time: mean = 0.00ms, max = -0.00ms, min = 9223372036854.78ms, total = 0.00ms
[state-dump] 	CoreWorkerService.grpc_client.Exit.OnReplyReceived - 1 total (0 active), Execution time: mean = 0.04ms, total = 0.04ms, Queueing time: mean = 0.02ms, max = 0.02ms, min = 0.02ms, total = 0.02ms
[state-dump] 	ray::rpc::WorkerInfoGcsService.grpc_client.ReportWorkerFailure - 1 total (0 active), Execution time: mean = 3.22ms, total = 3.22ms, Queueing time: mean = 0.00ms, max = -0.00ms, min = 9223372036854.78ms, total = 0.00ms
[state-dump] 	Subscriber.HandlePublishedMessage_GCS_WORKER_DELTA_CHANNEL - 1 total (0 active), Execution time: mean = 0.01ms, total = 0.01ms, Queueing time: mean = 0.26ms, max = 0.26ms, min = 0.26ms, total = 0.26ms
[state-dump] DebugString() time ms: 1
[state-dump] 
[state-dump] 
[2026-01-08 10:27:53,102 E 233901 233929] (raylet) file_system_monitor.cc:116: /app/ray_tmp/ray/session_2026-01-08_10-24-49_500606_233590 is over 95% full, available space: 6.28486 GB; capacity: 3517.78 GB. Object creation will fail if spilling is required.
[2026-01-08 10:28:03,110 E 233901 233929] (raylet) file_system_monitor.cc:116: /app/ray_tmp/ray/session_2026-01-08_10-24-49_500606_233590 is over 95% full, available space: 6.28404 GB; capacity: 3517.78 GB. Object creation will fail if spilling is required.
[2026-01-08 10:28:13,120 E 233901 233929] (raylet) file_system_monitor.cc:116: /app/ray_tmp/ray/session_2026-01-08_10-24-49_500606_233590 is over 95% full, available space: 6.28403 GB; capacity: 3517.78 GB. Object creation will fail if spilling is required.
[2026-01-08 10:28:23,130 E 233901 233929] (raylet) file_system_monitor.cc:116: /app/ray_tmp/ray/session_2026-01-08_10-24-49_500606_233590 is over 95% full, available space: 6.28403 GB; capacity: 3517.78 GB. Object creation will fail if spilling is required.
[2026-01-08 10:28:33,140 E 233901 233929] (raylet) file_system_monitor.cc:116: /app/ray_tmp/ray/session_2026-01-08_10-24-49_500606_233590 is over 95% full, available space: 6.28402 GB; capacity: 3517.78 GB. Object creation will fail if spilling is required.
[2026-01-08 10:28:43,149 E 233901 233929] (raylet) file_system_monitor.cc:116: /app/ray_tmp/ray/session_2026-01-08_10-24-49_500606_233590 is over 95% full, available space: 6.28401 GB; capacity: 3517.78 GB. Object creation will fail if spilling is required.
[2026-01-08 10:28:52,925 I 233901 233924] (raylet) store.cc:572: Plasma store debug dump: 
Current usage: 0 / 9.66361 GB
- num bytes created total: 912
0 pending objects of total size 0MB
- objects spillable: 0
- bytes spillable: 0
- objects unsealed: 0
- bytes unsealed: 0
- objects in use: 0
- bytes in use: 0
- objects evictable: 0
- bytes evictable: 0

- objects created by worker: 0
- bytes created by worker: 0
- objects restored: 0
- bytes restored: 0
- objects received: 0
- bytes received: 0
- objects errored: 0
- bytes errored: 0

[2026-01-08 10:28:52,999 I 233901 233901] (raylet) node_manager.cc:432: [state-dump] NodeManager:
[state-dump] Node ID: 45fc29cae7a687bb7d03accece0dedb168e198c9240dab334f96c543
[state-dump] Node name: 192.168.88.6
[state-dump] InitialConfigResources: {node:__internal_head__: 1, CPU: 112, memory: 5.25876e+11, object_store_memory: 1.02005e+10, node:192.168.88.6: 1}
[state-dump] ClusterLeaseManager:
[state-dump] ========== Node: 45fc29cae7a687bb7d03accece0dedb168e198c9240dab334f96c543 =================
[state-dump] Infeasible queue length: 1
[state-dump] Schedule queue length: 0
[state-dump] Grant queue length: 0
[state-dump] num_waiting_for_resource: 0
[state-dump] num_waiting_for_plasma_memory: 0
[state-dump] num_waiting_for_remote_node_resources: 0
[state-dump] num_worker_not_started_by_job_config_not_exist: 0
[state-dump] num_worker_not_started_by_registration_timeout: 0
[state-dump] num_tasks_waiting_for_workers: 0
[state-dump] num_cancelled_leases: 0
[state-dump] cluster_resource_scheduler state: 
[state-dump] Local id: -4622768318049823710 Local resources: {"total":{memory: [5258759337980000], object_store_memory: [102004811770000], node:192.168.88.6: [10000], node:__internal_head__: [10000], CPU: [1120000]}}, "available": {memory: [5258759337980000], object_store_memory: [102004811770000], node:192.168.88.6: [10000], node:__internal_head__: [10000], CPU: [1120000]}}, "labels":{"ray.io/node-id":"45fc29cae7a687bb7d03accece0dedb168e198c9240dab334f96c543",} is_draining: 0 is_idle: 0 Cluster resources (at most 20 nodes are shown): node id: -4622768318049823710{"total":{CPU: 1120000, node:192.168.88.6: 10000, object_store_memory: 102004811770000, node:__internal_head__: 10000, memory: 5258759337980000}}, "available": {node:__internal_head__: 10000, node:192.168.88.6: 10000, object_store_memory: 102004811770000, CPU: 1120000, memory: 5258759337980000}}, "labels":{"ray.io/node-id":"45fc29cae7a687bb7d03accece0dedb168e198c9240dab334f96c543",}, "is_draining": 0, "draining_deadline_timestamp_ms": -1} { "placement group locations": [], "node to bundles": []}
[state-dump] Waiting leases size: 0
[state-dump] Number of granted lease arguments: 1
[state-dump] Number of pinned lease arguments: 0
[state-dump] Number of total spilled leases: 0
[state-dump] Number of spilled waiting leases: 0
[state-dump] Number of spilled unschedulable leases: 0
[state-dump] Resource usage {
[state-dump] }
[state-dump] Backlog Size per scheduling descriptor :{workerId: num backlogs}:
[state-dump] 
[state-dump] Granted leases by scheduling class:
[state-dump]     - {depth=1 function_descriptor={type=PythonFunctionDescriptor, module_name=main_ppo, class_name=, function_name=main_task, function_hash=f7f020ef698c47cd8634a8a2b58312a7} scheduling_strategy=default_scheduling_strategy {
[state-dump] }
[state-dump]  resource_set={CPU : 1, }label_selector={}}fallback_strategy=[]: 1/112
[state-dump] ==================================================
[state-dump] 
[state-dump] ClusterResources:
[state-dump] LocalObjectManager:
[state-dump] - num pinned objects: 0
[state-dump] - pinned objects size: 0
[state-dump] - num objects pending restore: 0
[state-dump] - num objects pending spill: 0
[state-dump] - num bytes pending spill: 0
[state-dump] - num bytes currently spilled: 0
[state-dump] - cumulative spill requests: 0
[state-dump] - cumulative restore requests: 0
[state-dump] - spilled objects pending delete: 0
[state-dump] 
[state-dump] ObjectManager:
[state-dump] - num local objects: 0
[state-dump] - num unfulfilled push requests: 0
[state-dump] - num object pull requests: 0
[state-dump] - num chunks received total: 0
[state-dump] - num chunks received failed (all): 0
[state-dump] - num chunks received failed / cancelled: 0
[state-dump] - num chunks received failed / plasma error: 0
[state-dump] Event stats:
[state-dump] Global stats: 0 total (0 active)
[state-dump] Queueing time: mean = -nanms, max = -0.00ms, min = 9223372036854.78ms, total = 0.00ms
[state-dump] Execution time:  mean = -nanms, total = 0.00ms
[state-dump] Event stats:
[state-dump] PushManager:
[state-dump] - num pushes remaining: 0
[state-dump] - num chunks in flight: 0
[state-dump] - num chunks remaining: 0
[state-dump] - max chunks allowed: 409
[state-dump] OwnershipBasedObjectDirectory:
[state-dump] - num listeners: 0
[state-dump] - cumulative location updates: 0
[state-dump] - num location updates per second: 0.000
[state-dump] - num location lookups per second: 0.000
[state-dump] - num locations added per second: 0.000
[state-dump] - num locations removed per second: 0.000
[state-dump] BufferPool:
[state-dump] - create buffer state map size: 0
[state-dump] PullManager:
[state-dump] - num bytes available for pulled objects: 9663613747
[state-dump] - num bytes being pulled (all): 0
[state-dump] - num bytes being pulled / pinned: 0
[state-dump] - get request bundles: BundlePullRequestQueue{0 total, 0 active, 0 inactive, 0 unpullable}
[state-dump] - wait request bundles: BundlePullRequestQueue{0 total, 0 active, 0 inactive, 0 unpullable}
[state-dump] - task request bundles: BundlePullRequestQueue{0 total, 0 active, 0 inactive, 0 unpullable}
[state-dump] - first get request bundle: N/A
[state-dump] - first wait request bundle: N/A
[state-dump] - first task request bundle: N/A
[state-dump] - num objects queued: 0
[state-dump] - num objects actively pulled (all): 0
[state-dump] - num objects actively pulled / pinned: 0
[state-dump] - num bundles being pulled: 0
[state-dump] - num pull retries: 0
[state-dump] - max timeout seconds: 0
[state-dump] - max timeout request is already processed. No entry.
[state-dump] 
[state-dump] WorkerPool:
[state-dump] - registered jobs: 1
[state-dump] - process_failed_job_config_missing: 0
[state-dump] - process_failed_rate_limited: 0
[state-dump] - process_failed_pending_registration: 0
[state-dump] - process_failed_runtime_env_setup_failed: 0
[state-dump] - num PYTHON workers: 112
[state-dump] - num PYTHON drivers: 1
[state-dump] - num PYTHON pending start requests: 0
[state-dump] - num PYTHON pending registration requests: 0
[state-dump] - num object spill callbacks queued: 0
[state-dump] - num object restore queued: 0
[state-dump] - num util functions queued: 0
[state-dump] - num JAVA workers: 0
[state-dump] - num JAVA drivers: 0
[state-dump] - num JAVA pending start requests: 0
[state-dump] - num JAVA pending registration requests: 0
[state-dump] - num object spill callbacks queued: 0
[state-dump] - num object restore queued: 0
[state-dump] - num util functions queued: 0
[state-dump] - num idle workers: 111
[state-dump] LeaseDependencyManager:
[state-dump] - lease deps map size: 0
[state-dump] - get req map size: 0
[state-dump] - wait req map size: 0
[state-dump] - local objects map size: 0
[state-dump] WaitManager:
[state-dump] - num active wait requests: 0
[state-dump] Subscriber:
[state-dump] Channel WORKER_REF_REMOVED_CHANNEL
[state-dump] - cumulative subscribe requests: 0
[state-dump] - cumulative unsubscribe requests: 0
[state-dump] - active subscribed publishers: 0
[state-dump] - cumulative published messages: 0
[state-dump] - cumulative processed messages: 0
[state-dump] Channel WORKER_OBJECT_EVICTION
[state-dump] - cumulative subscribe requests: 0
[state-dump] - cumulative unsubscribe requests: 0
[state-dump] - active subscribed publishers: 0
[state-dump] - cumulative published messages: 0
[state-dump] - cumulative processed messages: 0
[state-dump] Channel WORKER_OBJECT_LOCATIONS_CHANNEL
[state-dump] - cumulative subscribe requests: 0
[state-dump] - cumulative unsubscribe requests: 0
[state-dump] - active subscribed publishers: 0
[state-dump] - cumulative published messages: 0
[state-dump] - cumulative processed messages: 0
[state-dump] num async plasma notifications: 0
[state-dump] Event stats:
[state-dump] Global stats: 66501 total (129 active)
[state-dump] Queueing time: mean = 0.72ms, max = 8965.82ms, min = -0.03ms, total = 47591.16ms
[state-dump] Execution time:  mean = 0.26ms, total = 17083.43ms
[state-dump] Event stats:
[state-dump] 	NodeManagerService.grpc_server.ReportWorkerBacklog - 27007 total (0 active), Execution time: mean = 0.29ms, total = 7940.49ms, Queueing time: mean = 0.00ms, max = -0.00ms, min = 9223372036854.78ms, total = 0.00ms
[state-dump] 	NodeManagerService.grpc_server.ReportWorkerBacklog.HandleRequestImpl - 27007 total (0 active), Execution time: mean = 0.06ms, total = 1705.30ms, Queueing time: mean = 0.04ms, max = 3.29ms, min = 0.00ms, total = 1042.98ms
[state-dump] 	NodeManager.CheckGC - 2394 total (1 active), Execution time: mean = 0.00ms, total = 8.46ms, Queueing time: mean = 0.26ms, max = 454.44ms, min = 0.00ms, total = 613.68ms
[state-dump] 	RaySyncer.OnDemandBroadcasting - 2394 total (1 active), Execution time: mean = 0.01ms, total = 31.09ms, Queueing time: mean = 0.25ms, max = 454.43ms, min = 0.00ms, total = 595.07ms
[state-dump] 	ObjectManager.UpdateAvailableMemory - 2394 total (0 active), Execution time: mean = 0.00ms, total = 8.37ms, Queueing time: mean = 0.02ms, max = 2.23ms, min = 0.01ms, total = 50.54ms
[state-dump] 	RayletWorkerPool.deadline_timer.kill_idle_workers - 1198 total (1 active), Execution time: mean = 0.03ms, total = 36.78ms, Queueing time: mean = 0.37ms, max = 370.90ms, min = 0.00ms, total = 441.86ms
[state-dump] 	MemoryMonitor.CheckIsMemoryUsageAboveThreshold - 950 total (1 active), Execution time: mean = 2.24ms, total = 2131.98ms, Queueing time: mean = 0.43ms, max = 320.99ms, min = -0.01ms, total = 410.73ms
[state-dump] 	ClientConnection.async_read.ProcessMessageHeader - 458 total (113 active), Execution time: mean = 0.00ms, total = 1.64ms, Queueing time: mean = 30.42ms, max = 8965.82ms, min = 0.01ms, total = 13930.10ms
[state-dump] 	ClientConnection.async_read.ProcessMessage - 345 total (0 active), Execution time: mean = 1.57ms, total = 540.77ms, Queueing time: mean = 0.07ms, max = 1.51ms, min = 0.00ms, total = 23.79ms
[state-dump] 	NodeManagerService.grpc_server.GetResourceLoad.HandleRequestImpl - 240 total (0 active), Execution time: mean = 0.11ms, total = 27.39ms, Queueing time: mean = 0.26ms, max = 56.78ms, min = 0.01ms, total = 62.53ms
[state-dump] 	NodeManager.deadline_timer.flush_free_objects - 240 total (1 active), Execution time: mean = 0.00ms, total = 1.11ms, Queueing time: mean = 0.18ms, max = 3.57ms, min = 0.00ms, total = 42.84ms
[state-dump] 	NodeManager.CheckForUnexpectedWorkerDisconnects - 240 total (1 active), Execution time: mean = 0.14ms, total = 33.38ms, Queueing time: mean = 0.05ms, max = 2.51ms, min = 0.00ms, total = 12.56ms
[state-dump] 	NodeManagerService.grpc_server.GetResourceLoad - 240 total (0 active), Execution time: mean = 0.60ms, total = 144.27ms, Queueing time: mean = 0.00ms, max = -0.00ms, min = 9223372036854.78ms, total = 0.00ms
[state-dump] 	NodeManager.ScheduleAndGrantLeases - 240 total (1 active), Execution time: mean = 0.03ms, total = 6.85ms, Queueing time: mean = 0.04ms, max = 1.37ms, min = 0.00ms, total = 9.29ms
[state-dump] 	NodeManager.deadline_timer.spill_objects_when_over_threshold - 240 total (1 active), Execution time: mean = 0.00ms, total = 0.85ms, Queueing time: mean = 0.18ms, max = 3.57ms, min = 0.00ms, total = 43.07ms
[state-dump] 	ClientConnection.async_write.DoAsyncWrites - 115 total (0 active), Execution time: mean = 0.00ms, total = 0.09ms, Queueing time: mean = 0.03ms, max = 0.32ms, min = 0.01ms, total = 3.70ms
[state-dump] 	ObjectManager.ObjectDeleted - 114 total (0 active), Execution time: mean = 0.01ms, total = 1.45ms, Queueing time: mean = 0.12ms, max = 0.97ms, min = 0.01ms, total = 13.54ms
[state-dump] 	NodeManagerService.grpc_server.GetSystemConfig - 114 total (0 active), Execution time: mean = 1.09ms, total = 124.00ms, Queueing time: mean = 0.00ms, max = -0.00ms, min = 9223372036854.78ms, total = 0.00ms
[state-dump] 	NodeManagerService.grpc_server.GetSystemConfig.HandleRequestImpl - 114 total (0 active), Execution time: mean = 0.05ms, total = 6.19ms, Queueing time: mean = 0.83ms, max = 67.94ms, min = 0.00ms, total = 94.80ms
[state-dump] 	ObjectManager.ObjectAdded - 114 total (0 active), Execution time: mean = 0.01ms, total = 0.89ms, Queueing time: mean = 0.15ms, max = 4.69ms, min = 0.00ms, total = 17.34ms
[state-dump] 	ClusterResourceManager.ResetRemoteNodeView - 81 total (1 active), Execution time: mean = 0.01ms, total = 0.61ms, Queueing time: mean = 0.03ms, max = 0.07ms, min = 0.01ms, total = 2.12ms
[state-dump] 	NodeManager.deadline_timer.record_metrics - 48 total (1 active), Execution time: mean = 0.34ms, total = 16.41ms, Queueing time: mean = 0.55ms, max = 3.28ms, min = 0.01ms, total = 26.27ms
[state-dump] 	ReporterService.grpc_client.HealthCheck.OnReplyReceived - 31 total (0 active), Execution time: mean = 0.07ms, total = 2.15ms, Queueing time: mean = 0.03ms, max = 0.05ms, min = 0.01ms, total = 0.81ms
[state-dump] 	ReporterService.grpc_client.HealthCheck - 31 total (0 active), Execution time: mean = 0.35ms, total = 10.95ms, Queueing time: mean = 0.00ms, max = -0.00ms, min = 9223372036854.78ms, total = 0.00ms
[state-dump] 	MetricsAgentClient.WaitForServerReadyWithRetry - 30 total (0 active), Execution time: mean = 0.22ms, total = 6.51ms, Queueing time: mean = 1000.04ms, max = 1000.65ms, min = 1000.01ms, total = 30001.32ms
[state-dump] 	event_loop_lag_probe - 26 total (0 active), Execution time: mean = 0.02ms, total = 0.47ms, Queueing time: mean = 0.31ms, max = 7.83ms, min = 0.00ms, total = 8.02ms
[state-dump] 	NodeManager.deadline_timer.debug_state_dump - 24 total (1 active), Execution time: mean = 1.63ms, total = 39.13ms, Queueing time: mean = 0.13ms, max = 1.62ms, min = -0.03ms, total = 3.08ms
[state-dump] 	PeriodicalRunner.RunFnPeriodically - 14 total (0 active), Execution time: mean = 0.20ms, total = 2.78ms, Queueing time: mean = 9.42ms, max = 30.52ms, min = 0.06ms, total = 131.82ms
[state-dump] 	 - 5 total (0 active), Execution time: mean = 0.00ms, total = 0.00ms, Queueing time: mean = 0.02ms, max = 0.04ms, min = 0.01ms, total = 0.11ms
[state-dump] 	RaySyncer.BroadcastMessage - 5 total (0 active), Execution time: mean = 0.17ms, total = 0.86ms, Queueing time: mean = 0.00ms, max = 0.00ms, min = 0.00ms, total = 0.00ms
[state-dump] 	ray::rpc::NodeInfoGcsService.grpc_client.CheckAlive.OnReplyReceived - 4 total (0 active), Execution time: mean = 0.03ms, total = 0.14ms, Queueing time: mean = 0.03ms, max = 0.05ms, min = 0.01ms, total = 0.13ms
[state-dump] 	ray::rpc::NodeInfoGcsService.grpc_client.CheckAlive - 4 total (0 active), Execution time: mean = 0.95ms, total = 3.82ms, Queueing time: mean = 0.00ms, max = -0.00ms, min = 9223372036854.78ms, total = 0.00ms
[state-dump] 	NodeManager.deadline_timer.print_event_loop_stats - 4 total (1 active, 1 running), Execution time: mean = 1.82ms, total = 7.30ms, Queueing time: mean = 0.02ms, max = 0.02ms, min = 0.02ms, total = 0.06ms
[state-dump] 	NodeManager.GcsCheckAlive - 4 total (1 active), Execution time: mean = 0.20ms, total = 0.81ms, Queueing time: mean = 1.68ms, max = 2.45ms, min = 2.13ms, total = 6.74ms
[state-dump] 	ray::rpc::InternalPubSubGcsService.grpc_client.GcsSubscriberPoll - 3 total (1 active), Execution time: mean = 1004.63ms, total = 3013.88ms, Queueing time: mean = 0.00ms, max = -0.00ms, min = 9223372036854.78ms, total = 0.00ms
[state-dump] 	ray::rpc::InternalPubSubGcsService.grpc_client.GcsSubscriberCommandBatch.OnReplyReceived - 2 total (0 active), Execution time: mean = 0.11ms, total = 0.21ms, Queueing time: mean = 0.71ms, max = 1.28ms, min = 0.15ms, total = 1.43ms
[state-dump] 	NodeManagerService.grpc_server.RequestWorkerLease.HandleRequestImpl - 2 total (0 active), Execution time: mean = 0.21ms, total = 0.42ms, Queueing time: mean = 0.02ms, max = 0.02ms, min = 0.01ms, total = 0.03ms
[state-dump] 	ray::rpc::InternalPubSubGcsService.grpc_client.GcsSubscriberCommandBatch - 2 total (0 active), Execution time: mean = 0.92ms, total = 1.84ms, Queueing time: mean = 0.00ms, max = -0.00ms, min = 9223372036854.78ms, total = 0.00ms
[state-dump] 	NodeManagerService.grpc_server.RequestWorkerLease - 2 total (1 active), Execution time: mean = 573.55ms, total = 1147.10ms, Queueing time: mean = 0.00ms, max = -0.00ms, min = 9223372036854.78ms, total = 0.00ms
[state-dump] 	ray::rpc::InternalPubSubGcsService.grpc_client.GcsSubscriberPoll.OnReplyReceived - 2 total (0 active), Execution time: mean = 0.25ms, total = 0.50ms, Queueing time: mean = 0.09ms, max = 0.11ms, min = 0.07ms, total = 0.18ms
[state-dump] 	RaySyncerRegister - 2 total (0 active), Execution time: mean = 0.00ms, total = 0.01ms, Queueing time: mean = 0.00ms, max = 0.00ms, min = 0.00ms, total = 0.00ms
[state-dump] 	ray::rpc::JobInfoGcsService.grpc_client.GetAllJobInfo.OnReplyReceived - 1 total (0 active), Execution time: mean = 0.01ms, total = 0.01ms, Queueing time: mean = 0.01ms, max = 0.01ms, min = 0.01ms, total = 0.01ms
[state-dump] 	Subscriber.HandlePublishedMessage_GCS_JOB_CHANNEL - 1 total (0 active), Execution time: mean = 0.07ms, total = 0.07ms, Queueing time: mean = 0.24ms, max = 0.24ms, min = 0.24ms, total = 0.24ms
[state-dump] 	CoreWorkerService.grpc_client.Exit - 1 total (0 active), Execution time: mean = 1.83ms, total = 1.83ms, Queueing time: mean = 0.00ms, max = -0.00ms, min = 9223372036854.78ms, total = 0.00ms
[state-dump] 	ray::rpc::JobInfoGcsService.grpc_client.GetAllJobInfo - 1 total (0 active), Execution time: mean = 0.71ms, total = 0.71ms, Queueing time: mean = 0.00ms, max = -0.00ms, min = 9223372036854.78ms, total = 0.00ms
[state-dump] 	ray::rpc::NodeInfoGcsService.grpc_client.RegisterNode.OnReplyReceived - 1 total (0 active), Execution time: mean = 0.28ms, total = 0.28ms, Queueing time: mean = 0.01ms, max = 0.01ms, min = 0.01ms, total = 0.01ms
[state-dump] 	ray::rpc::NodeInfoGcsService.grpc_client.GetAllNodeAddressAndLiveness - 1 total (0 active), Execution time: mean = 0.94ms, total = 0.94ms, Queueing time: mean = 0.00ms, max = -0.00ms, min = 9223372036854.78ms, total = 0.00ms
[state-dump] 	ray::rpc::WorkerInfoGcsService.grpc_client.ReportWorkerFailure.OnReplyReceived - 1 total (0 active), Execution time: mean = 0.04ms, total = 0.04ms, Queueing time: mean = 0.03ms, max = 0.03ms, min = 0.03ms, total = 0.03ms
[state-dump] 	ray::rpc::InternalKVGcsService.grpc_client.GetInternalConfig.OnReplyReceived - 1 total (0 active), Execution time: mean = 64.98ms, total = 64.98ms, Queueing time: mean = 0.02ms, max = 0.02ms, min = 0.02ms, total = 0.02ms
[state-dump] 	ray::rpc::NodeInfoGcsService.grpc_client.RegisterNode - 1 total (0 active), Execution time: mean = 1.31ms, total = 1.31ms, Queueing time: mean = 0.00ms, max = -0.00ms, min = 9223372036854.78ms, total = 0.00ms
[state-dump] 	ray::rpc::JobInfoGcsService.grpc_client.AddJob.OnReplyReceived - 1 total (0 active), Execution time: mean = 0.07ms, total = 0.07ms, Queueing time: mean = 0.02ms, max = 0.02ms, min = 0.02ms, total = 0.02ms
[state-dump] 	ray::rpc::InternalKVGcsService.grpc_client.GetInternalConfig - 1 total (0 active), Execution time: mean = 1.46ms, total = 1.46ms, Queueing time: mean = 0.00ms, max = -0.00ms, min = 9223372036854.78ms, total = 0.00ms
[state-dump] 	ray::rpc::JobInfoGcsService.grpc_client.AddJob - 1 total (0 active), Execution time: mean = 1.08ms, total = 1.08ms, Queueing time: mean = 0.00ms, max = -0.00ms, min = 9223372036854.78ms, total = 0.00ms
[state-dump] 	ray::rpc::NodeInfoGcsService.grpc_client.GetAllNodeAddressAndLiveness.OnReplyReceived - 1 total (0 active), Execution time: mean = 0.15ms, total = 0.15ms, Queueing time: mean = 0.01ms, max = 0.01ms, min = 0.01ms, total = 0.01ms
[state-dump] 	NodeManager.GCTaskFailureReason - 1 total (1 active), Execution time: mean = 0.00ms, total = 0.00ms, Queueing time: mean = 0.00ms, max = -0.00ms, min = 9223372036854.78ms, total = 0.00ms
[state-dump] 	CoreWorkerService.grpc_client.Exit.OnReplyReceived - 1 total (0 active), Execution time: mean = 0.04ms, total = 0.04ms, Queueing time: mean = 0.02ms, max = 0.02ms, min = 0.02ms, total = 0.02ms
[state-dump] 	ray::rpc::WorkerInfoGcsService.grpc_client.ReportWorkerFailure - 1 total (0 active), Execution time: mean = 3.22ms, total = 3.22ms, Queueing time: mean = 0.00ms, max = -0.00ms, min = 9223372036854.78ms, total = 0.00ms
[state-dump] 	Subscriber.HandlePublishedMessage_GCS_WORKER_DELTA_CHANNEL - 1 total (0 active), Execution time: mean = 0.01ms, total = 0.01ms, Queueing time: mean = 0.26ms, max = 0.26ms, min = 0.26ms, total = 0.26ms
[state-dump] DebugString() time ms: 2
[state-dump] 
[state-dump] 
[2026-01-08 10:28:53,156 E 233901 233929] (raylet) file_system_monitor.cc:116: /app/ray_tmp/ray/session_2026-01-08_10-24-49_500606_233590 is over 95% full, available space: 6.28397 GB; capacity: 3517.78 GB. Object creation will fail if spilling is required.
[2026-01-08 10:29:03,166 E 233901 233929] (raylet) file_system_monitor.cc:116: /app/ray_tmp/ray/session_2026-01-08_10-24-49_500606_233590 is over 95% full, available space: 6.28348 GB; capacity: 3517.78 GB. Object creation will fail if spilling is required.
